t_s,storage_occupied,storage_capacity,occupancy,holding,quarantine,dispatch_buffer,received_total,dispatched_total,stored_volume_l
6.1,0,32,0.0000,0,0,0,0,0,0.0
7.0,0,32,0.0000,0,0,0,0,0,0.0
8.0,0,32,0.0000,0,0,0,0,0,0.0
9.0,0,32,0.0000,0,0,0,0,0,0.0
10.0,0,32,0.0000,0,0,0,0,0,0.0
11.0,0,32,0.0000,0,0,0,0,0,0.0
12.0,0,32,0.0000,0,0,0,0,0,0.0
13.0,0,32,0.0000,0,0,0,0,0,0.0
14.0,0,32,0.0000,0,0,0,0,0,0.0
15.0,0,32,0.0000,0,0,0,0,0,0.0
16.0,0,32,0.0000,0,0,0,0,0,0.0
17.0,0,32,0.0000,0,0,0,0,0,0.0
18.0,0,32,0.0000,0,0,0,0,0,0.0
19.0,0,32,0.0000,0,0,0,0,0,0.0
20.0,0,32,0.0000,0,0,0,0,0,0.0
21.0,0,32,0.0000,0,0,0,0,0,0.0
22.0,0,32,0.0000,0,0,0,0,0,0.0
23.0,0,32,0.0000,0,0,0,0,0,0.0
24.0,0,32,0.0000,0,0,0,0,0,0.0
25.0,0,32,0.0000,0,0,0,0,0,0.0
26.0,0,32,0.0000,0,0,0,0,0,0.0
27.0,0,32,0.0000,0,0,0,0,0,0.0
28.0,0,32,0.0000,0,0,0,0,0,0.0
29.0,0,32,0.0000,0,0,0,0,0,0.0
30.0,0,32,0.0000,0,0,0,0,0,0.0
31.0,0,32,0.0000,0,0,0,0,0,0.0
32.0,0,32,0.0000,0,0,0,0,0,0.0
33.0,0,32,0.0000,0,0,0,0,0,0.0
34.0,0,32,0.0000,0,0,0,0,0,0.0
35.0,0,32,0.0000,0,0,0,0,0,0.0
36.0,0,32,0.0000,0,0,0,0,0,0.0
37.0,0,32,0.0000,0,0,0,0,0,0.0
38.0,0,32,0.0000,0,0,0,0,0,0.0
39.0,0,32,0.0000,0,0,0,0,0,0.0
40.0,0,32,0.0000,0,0,0,1,0,0.0
41.0,0,32,0.0000,0,0,0,1,0,0.0
42.0,0,32,0.0000,0,0,0,1,0,0.0
43.0,0,32,0.0000,0,0,0,1,0,0.0
44.0,0,32,0.0000,0,0,0,1,0,0.0
45.0,0,32,0.0000,0,0,0,1,0,0.0
46.0,0,32,0.0000,0,0,0,2,0,0.0
47.0,0,32,0.0000,0,0,0,2,0,0.0
48.0,0,32,0.0000,0,0,0,2,0,0.0
49.0,0,32,0.0000,0,0,0,2,0,0.0
50.0,0,32,0.0000,0,0,0,2,0,0.0
51.0,0,32,0.0000,0,0,0,2,0,0.0
52.0,0,32,0.0000,0,0,0,2,0,0.0
53.0,0,32,0.0000,0,0,0,3,0,0.0
54.0,0,32,0.0000,0,0,0,3,0,0.0
55.0,0,32,0.0000,0,0,0,3,0,0.0
56.0,0,32,0.0000,0,0,0,3,0,0.0
57.0,0,32,0.0000,0,0,0,3,0,0.0
58.0,0,32,0.0000,0,0,0,3,0,0.0
59.0,0,32,0.0000,0,0,0,3,0,0.0
60.0,0,32,0.0000,1,0,0,4,0,0.0
61.0,0,32,0.0000,1,0,0,4,0,0.0
62.0,0,32,0.0000,1,0,0,4,0,0.0
63.0,0,32,0.0000,1,0,0,4,0,0.0
64.0,0,32,0.0000,1,0,0,4,0,0.0
65.0,0,32,0.0000,1,0,0,4,0,0.0
66.0,0,32,0.0000,1,0,0,4,0,0.0
67.0,0,32,0.0000,1,0,0,4,0,0.0
68.0,0,32,0.0000,2,0,0,5,0,0.0
69.0,0,32,0.0000,2,0,0,5,0,0.0
70.0,0,32,0.0000,2,0,0,5,0,0.0
71.0,0,32,0.0000,2,0,0,5,0,0.0
72.0,0,32,0.0000,2,0,0,5,0,0.0
73.0,0,32,0.0000,2,0,0,5,0,0.0
74.0,0,32,0.0000,2,0,0,5,0,0.0
75.0,0,32,0.0000,2,0,0,5,0,0.0
76.0,0,32,0.0000,2,0,0,5,0,0.0
77.0,0,32,0.0000,3,0,0,5,0,0.0
78.0,0,32,0.0000,3,0,0,5,0,0.0
79.0,0,32,0.0000,3,0,0,5,0,0.0
80.0,0,32,0.0000,3,0,0,5,0,0.0
81.0,0,32,0.0000,3,0,0,5,0,0.0
82.0,0,32,0.0000,3,0,0,5,0,0.0
83.0,0,32,0.0000,3,0,0,5,0,0.0
84.0,0,32,0.0000,3,0,0,5,0,0.0
85.0,0,32,0.0000,4,0,0,5,0,0.0
86.0,0,32,0.0000,4,0,0,5,0,0.0
87.0,0,32,0.0000,4,0,0,5,0,0.0
88.0,0,32,0.0000,4,0,0,5,0,0.0
89.0,0,32,0.0000,4,0,0,5,0,0.0
90.0,0,32,0.0000,4,0,0,5,0,0.0
91.0,0,32,0.0000,4,0,0,5,0,0.0
92.0,0,32,0.0000,4,0,0,5,0,0.0
93.0,0,32,0.0000,4,0,0,5,0,0.0
94.0,0,32,0.0000,5,0,0,5,0,0.0
95.0,0,32,0.0000,5,0,0,5,0,0.0
96.0,0,32,0.0000,5,0,0,5,0,0.0
97.0,0,32,0.0000,5,0,0,5,0,0.0
98.0,0,32,0.0000,5,0,0,5,0,0.0
99.0,0,32,0.0000,5,0,0,5,0,0.0
100.0,0,32,0.0000,5,0,0,5,0,0.0
101.0,0,32,0.0000,5,0,0,5,0,0.0
102.0,0,32,0.0000,5,0,0,5,0,0.0
103.0,0,32,0.0000,5,0,0,5,0,0.0
104.0,0,32,0.0000,5,0,0,5,0,0.0
105.0,0,32,0.0000,5,0,0,5,0,0.0
106.0,0,32,0.0000,5,0,0,5,0,0.0
107.0,0,32,0.0000,5,0,0,5,0,0.0
108.0,0,32,0.0000,5,0,0,5,0,0.0
109.0,0,32,0.0000,5,0,0,5,0,0.0
110.0,0,32,0.0000,5,0,0,5,0,0.0
111.0,0,32,0.0000,5,0,0,5,0,0.0
112.0,0,32,0.0000,5,0,0,5,0,0.0
113.0,0,32,0.0000,4,0,0,5,0,0.0
114.0,0,32,0.0000,4,0,0,5,0,0.0
115.0,0,32,0.0000,4,0,0,5,0,0.0
116.0,0,32,0.0000,4,0,0,5,0,0.0
117.0,0,32,0.0000,4,0,0,5,0,0.0
118.0,0,32,0.0000,4,0,0,5,0,0.0
119.0,0,32,0.0000,4,0,0,5,0,0.0
120.0,0,32,0.0000,4,0,0,5,0,0.0
121.0,0,32,0.0000,4,0,0,5,0,0.0
122.0,0,32,0.0000,4,0,0,5,0,0.0
123.0,0,32,0.0000,4,0,0,5,0,0.0
124.0,0,32,0.0000,4,0,0,5,0,0.0
125.0,0,32,0.0000,4,0,0,5,0,0.0
126.0,0,32,0.0000,4,0,0,5,0,0.0
127.0,0,32,0.0000,4,0,0,5,0,0.0
128.0,0,32,0.0000,4,0,0,5,0,0.0
129.0,0,32,0.0000,4,0,0,5,0,0.0
130.0,0,32,0.0000,4,0,0,5,0,0.0
131.0,0,32,0.0000,4,0,0,5,0,0.0
132.0,0,32,0.0000,4,0,0,5,0,0.0
133.0,0,32,0.0000,4,0,0,5,0,0.0
134.0,0,32,0.0000,4,0,0,5,0,0.0
135.0,0,32,0.0000,4,0,0,5,0,0.0
136.0,0,32,0.0000,4,0,0,5,0,0.0
137.0,0,32,0.0000,4,0,0,5,0,0.0
138.0,0,32,0.0000,4,0,0,5,0,0.0
139.0,0,32,0.0000,4,0,0,5,0,0.0
140.0,0,32,0.0000,4,0,0,5,0,0.0
141.0,0,32,0.0000,4,0,0,5,0,0.0
142.0,0,32,0.0000,4,0,0,5,0,0.0
143.0,0,32,0.0000,4,0,0,5,0,0.0
144.0,0,32,0.0000,4,0,0,5,0,0.0
145.0,0,32,0.0000,4,0,0,5,0,0.0
146.0,0,32,0.0000,4,0,0,5,0,0.0
147.0,0,32,0.0000,4,0,0,5,0,0.0
148.0,0,32,0.0000,4,0,0,5,0,0.0
149.0,0,32,0.0000,4,0,0,5,0,0.0
150.0,0,32,0.0000,4,0,0,5,0,0.0
151.0,1,32,0.0312,4,0,0,5,0,174.5
152.0,1,32,0.0312,4,0,0,5,0,174.5
153.0,1,32,0.0312,4,0,0,5,0,174.5
154.0,1,32,0.0312,4,0,0,5,0,174.5
155.0,1,32,0.0312,4,0,0,5,0,174.5
156.0,1,32,0.0312,4,0,0,5,0,174.5
157.0,1,32,0.0312,4,0,0,5,0,174.5
158.0,1,32,0.0312,4,0,0,5,0,174.5
159.0,1,32,0.0312,4,0,0,5,0,174.5
160.0,1,32,0.0312,4,0,0,5,0,174.5
161.0,1,32,0.0312,4,0,0,5,0,174.5
162.0,1,32,0.0312,4,0,0,5,0,174.5
163.0,1,32,0.0312,4,0,0,5,0,174.5
164.0,1,32,0.0312,4,0,0,5,0,174.5
165.0,1,32,0.0312,4,0,0,5,0,174.5
166.0,1,32,0.0312,4,0,0,5,0,174.5
167.0,1,32,0.0312,4,0,0,5,0,174.5
168.0,1,32,0.0312,4,0,0,5,0,174.5
169.0,1,32,0.0312,4,0,0,5,0,174.5
170.0,1,32,0.0312,4,0,0,5,0,174.5
171.0,1,32,0.0312,4,0,0,5,0,174.5
172.0,1,32,0.0312,4,0,0,5,0,174.5
173.0,1,32,0.0312,4,0,0,5,0,174.5
174.0,1,32,0.0312,4,0,0,5,0,174.5
175.0,1,32,0.0312,4,0,0,5,0,174.5
176.0,1,32,0.0312,4,0,0,5,0,174.5
177.0,1,32,0.0312,4,0,0,5,0,174.5
178.0,1,32,0.0312,4,0,0,5,0,174.5
179.0,1,32,0.0312,4,0,0,5,0,174.5
180.0,1,32,0.0312,4,0,0,5,0,174.5
181.1,1,32,0.0312,4,0,0,5,0,174.5
182.0,1,32,0.0312,4,0,0,5,0,174.5
183.0,1,32,0.0312,3,0,0,5,0,174.5
184.0,1,32,0.0312,3,0,0,5,0,174.5
185.0,1,32,0.0312,3,0,0,5,0,174.5
186.0,1,32,0.0312,3,0,0,5,0,174.5
187.0,1,32,0.0312,3,0,0,5,0,174.5
188.0,1,32,0.0312,3,0,0,5,0,174.5
189.0,1,32,0.0312,3,0,0,5,0,174.5
190.0,1,32,0.0312,3,0,0,5,0,174.5
191.0,1,32,0.0312,3,0,0,5,0,174.5
192.0,1,32,0.0312,3,0,0,5,0,174.5
193.0,1,32,0.0312,3,0,0,5,0,174.5
194.0,1,32,0.0312,3,0,0,5,0,174.5
195.0,1,32,0.0312,3,0,0,5,0,174.5
196.0,1,32,0.0312,3,0,0,5,0,174.5
197.0,1,32,0.0312,3,0,0,5,0,174.5
198.0,1,32,0.0312,3,0,0,5,0,174.5
199.0,1,32,0.0312,3,0,0,5,0,174.5
200.0,1,32,0.0312,3,0,0,5,0,174.5
201.0,1,32,0.0312,3,0,0,5,0,174.5
202.0,1,32,0.0312,3,0,0,5,0,174.5
203.0,1,32,0.0312,3,0,0,5,0,174.5
204.0,1,32,0.0312,3,0,0,5,0,174.5
205.0,1,32,0.0312,3,0,0,5,0,174.5
206.0,1,32,0.0312,3,0,0,5,0,174.5
207.0,1,32,0.0312,3,0,0,5,0,174.5
208.0,1,32,0.0312,3,0,0,5,0,174.5
209.0,1,32,0.0312,3,0,0,5,0,174.5
210.0,1,32,0.0312,3,0,0,5,0,174.5
211.0,1,32,0.0312,3,0,0,5,0,174.5
212.0,1,32,0.0312,3,0,0,5,0,174.5
213.0,2,32,0.0625,3,0,0,5,0,334.2
214.0,2,32,0.0625,3,0,0,5,0,334.2
215.0,2,32,0.0625,3,0,0,5,0,334.2
216.0,2,32,0.0625,3,0,0,5,0,334.2
217.0,2,32,0.0625,3,0,0,5,0,334.2
218.0,2,32,0.0625,3,0,0,5,0,334.2
219.0,2,32,0.0625,3,0,0,5,0,334.2
220.0,2,32,0.0625,3,0,0,5,0,334.2
221.0,2,32,0.0625,3,0,0,5,0,334.2
222.0,2,32,0.0625,3,0,0,5,0,334.2
223.0,2,32,0.0625,3,0,0,5,0,334.2
224.0,2,32,0.0625,3,0,0,5,0,334.2
225.0,2,32,0.0625,3,0,0,5,0,334.2
226.0,2,32,0.0625,3,0,0,5,0,334.2
227.0,2,32,0.0625,3,0,0,5,0,334.2
228.0,2,32,0.0625,3,0,0,5,0,334.2
229.0,2,32,0.0625,3,0,0,5,0,334.2
230.0,2,32,0.0625,3,0,0,5,0,334.2
231.0,2,32,0.0625,3,0,0,5,0,334.2
232.0,2,32,0.0625,3,0,0,5,0,334.2
233.0,2,32,0.0625,3,0,0,5,0,334.2
234.0,2,32,0.0625,3,0,0,5,0,334.2
235.0,2,32,0.0625,3,0,0,5,0,334.2
236.0,2,32,0.0625,3,0,0,5,0,334.2
237.0,2,32,0.0625,3,0,0,5,0,334.2
238.0,2,32,0.0625,3,0,0,5,0,334.2
239.0,2,32,0.0625,3,0,0,5,0,334.2
240.0,2,32,0.0625,3,0,0,5,0,334.2
241.0,2,32,0.0625,3,0,0,5,0,334.2
242.0,2,32,0.0625,3,0,0,5,0,334.2
243.0,2,32,0.0625,3,0,0,5,0,334.2
244.0,2,32,0.0625,3,0,0,5,0,334.2
245.0,2,32,0.0625,3,0,0,5,0,334.2
246.0,2,32,0.0625,3,0,0,5,0,334.2
247.0,2,32,0.0625,3,0,0,5,0,334.2
248.0,2,32,0.0625,2,0,0,5,0,334.2
249.0,2,32,0.0625,2,0,0,5,0,334.2
250.0,2,32,0.0625,2,0,0,5,0,334.2
251.0,2,32,0.0625,2,0,0,5,0,334.2
252.0,2,32,0.0625,2,0,0,5,0,334.2
253.0,2,32,0.0625,2,0,0,5,0,334.2
254.0,2,32,0.0625,2,0,0,5,0,334.2
255.0,2,32,0.0625,2,0,0,5,0,334.2
256.0,2,32,0.0625,2,0,0,5,0,334.2
257.0,2,32,0.0625,2,0,0,5,0,334.2
258.0,2,32,0.0625,2,0,0,5,0,334.2
259.0,2,32,0.0625,2,0,0,5,0,334.2
260.0,2,32,0.0625,2,0,0,5,0,334.2
261.0,2,32,0.0625,2,0,0,5,0,334.2
262.0,2,32,0.0625,2,0,0,5,0,334.2
263.0,2,32,0.0625,2,0,0,5,0,334.2
264.0,2,32,0.0625,2,0,0,5,0,334.2
265.0,2,32,0.0625,2,0,0,5,0,334.2
266.0,2,32,0.0625,2,0,0,5,0,334.2
267.0,2,32,0.0625,2,0,0,5,0,334.2
268.0,2,32,0.0625,2,0,0,5,0,334.2
269.0,2,32,0.0625,2,0,0,5,0,334.2
270.0,2,32,0.0625,2,0,0,5,0,334.2
271.0,2,32,0.0625,2,0,0,5,0,334.2
272.0,2,32,0.0625,2,0,0,5,0,334.2
273.0,2,32,0.0625,2,0,0,5,0,334.2
274.0,2,32,0.0625,2,0,0,5,0,334.2
275.0,2,32,0.0625,2,0,0,5,0,334.2
276.0,2,32,0.0625,2,0,0,5,0,334.2
277.0,2,32,0.0625,2,0,0,5,0,334.2
278.0,2,32,0.0625,2,0,0,5,0,334.2
279.0,2,32,0.0625,2,0,0,5,0,334.2
280.0,2,32,0.0625,2,0,0,5,0,334.2
281.0,2,32,0.0625,2,0,0,5,0,334.2
282.0,2,32,0.0625,2,0,0,5,0,334.2
283.0,3,32,0.0938,2,0,0,5,0,1209.2
284.0,3,32,0.0938,2,0,0,5,0,1209.2
285.0,3,32,0.0938,2,0,0,5,0,1209.2
286.0,3,32,0.0938,2,0,0,5,0,1209.2
287.0,3,32,0.0938,2,0,0,5,0,1209.2
288.0,3,32,0.0938,2,0,0,5,0,1209.2
289.0,3,32,0.0938,2,0,0,5,0,1209.2
290.0,3,32,0.0938,2,0,0,5,0,1209.2
291.0,3,32,0.0938,2,0,0,5,0,1209.2
292.0,3,32,0.0938,2,0,0,5,0,1209.2
293.0,3,32,0.0938,2,0,0,5,0,1209.2
294.0,3,32,0.0938,2,0,0,5,0,1209.2
295.0,3,32,0.0938,2,0,0,5,0,1209.2
296.0,3,32,0.0938,2,0,0,5,0,1209.2
297.0,3,32,0.0938,2,0,0,5,0,1209.2
298.0,3,32,0.0938,2,0,0,5,0,1209.2
299.0,3,32,0.0938,2,0,0,5,0,1209.2
300.0,3,32,0.0938,2,0,0,5,0,1209.2
301.0,3,32,0.0938,2,0,0,5,0,1209.2
302.0,3,32,0.0938,2,0,0,5,0,1209.2
303.0,3,32,0.0938,2,0,0,5,0,1209.2
304.0,3,32,0.0938,2,0,0,5,0,1209.2
305.0,3,32,0.0938,2,0,0,5,0,1209.2
306.0,3,32,0.0938,2,0,0,5,0,1209.2
307.0,3,32,0.0938,2,0,0,5,0,1209.2
308.0,3,32,0.0938,2,0,0,5,0,1209.2
309.0,3,32,0.0938,2,0,0,5,0,1209.2
310.0,3,32,0.0938,2,0,0,5,0,1209.2
311.0,3,32,0.0938,2,0,0,5,0,1209.2
312.0,3,32,0.0938,2,0,0,5,0,1209.2
313.0,3,32,0.0938,1,0,0,5,0,1209.2
314.0,3,32,0.0938,1,0,0,5,0,1209.2
315.0,3,32,0.0938,1,0,0,5,0,1209.2
316.0,3,32,0.0938,1,0,0,5,0,1209.2
317.0,3,32,0.0938,1,0,0,5,0,1209.2
318.0,3,32,0.0938,1,0,0,5,0,1209.2
319.0,3,32,0.0938,1,0,0,5,0,1209.2
320.0,3,32,0.0938,1,0,0,5,0,1209.2
321.0,3,32,0.0938,1,0,0,5,0,1209.2
322.0,3,32,0.0938,1,0,0,5,0,1209.2
323.0,3,32,0.0938,1,0,0,5,0,1209.2
324.0,3,32,0.0938,1,0,0,5,0,1209.2
325.0,3,32,0.0938,1,0,0,5,0,1209.2
326.0,3,32,0.0938,1,0,0,5,0,1209.2
327.0,3,32,0.0938,1,0,0,5,0,1209.2
328.0,3,32,0.0938,1,0,0,5,0,1209.2
329.0,3,32,0.0938,1,0,0,5,0,1209.2
330.0,3,32,0.0938,1,0,0,5,0,1209.2
331.0,3,32,0.0938,1,0,0,5,0,1209.2
332.0,3,32,0.0938,1,0,0,5,0,1209.2
333.0,3,32,0.0938,1,0,0,5,0,1209.2
334.0,3,32,0.0938,1,0,0,5,0,1209.2
335.0,3,32,0.0938,1,0,0,5,0,1209.2
336.0,3,32,0.0938,1,0,0,5,0,1209.2
337.0,3,32,0.0938,1,0,0,5,0,1209.2
338.0,3,32,0.0938,1,0,0,5,0,1209.2
339.0,3,32,0.0938,1,0,0,5,0,1209.2
340.0,4,32,0.1250,1,0,0,5,0,1367.9
341.0,4,32,0.1250,1,0,0,5,0,1367.9
342.0,4,32,0.1250,1,0,0,5,0,1367.9
343.0,4,32,0.1250,1,0,0,5,0,1367.9
344.0,4,32,0.1250,1,0,0,5,0,1367.9
345.0,4,32,0.1250,1,0,0,5,0,1367.9
346.0,4,32,0.1250,1,0,0,5,0,1367.9
347.0,4,32,0.1250,1,0,0,5,0,1367.9
348.0,4,32,0.1250,1,0,0,5,0,1367.9
349.0,4,32,0.1250,1,0,0,5,0,1367.9
350.0,4,32,0.1250,1,0,0,5,0,1367.9
351.0,4,32,0.1250,1,0,0,5,0,1367.9
352.0,4,32,0.1250,1,0,0,5,0,1367.9
353.0,4,32,0.1250,1,0,0,5,0,1367.9
354.0,4,32,0.1250,1,0,0,5,0,1367.9
355.0,4,32,0.1250,1,0,0,5,0,1367.9
356.0,4,32,0.1250,1,0,0,5,0,1367.9
357.0,4,32,0.1250,1,0,0,5,0,1367.9
358.0,4,32,0.1250,1,0,0,5,0,1367.9
359.0,4,32,0.1250,1,0,0,5,0,1367.9
360.0,4,32,0.1250,1,0,0,5,0,1367.9
361.0,4,32,0.1250,1,0,0,5,0,1367.9
362.0,4,32,0.1250,1,0,0,5,0,1367.9
363.0,4,32,0.1250,1,0,0,5,0,1367.9
364.0,4,32,0.1250,1,0,0,5,0,1367.9
365.0,4,32,0.1250,1,0,0,5,0,1367.9
366.0,4,32,0.1250,1,0,0,5,0,1367.9
367.0,4,32,0.1250,1,0,0,5,0,1367.9
368.0,4,32,0.1250,1,0,0,5,0,1367.9
369.0,4,32,0.1250,1,0,0,5,0,1367.9
370.0,4,32,0.1250,1,0,0,5,0,1367.9
371.0,4,32,0.1250,0,0,0,5,0,1367.9
372.0,4,32,0.1250,0,0,0,5,0,1367.9
373.0,4,32,0.1250,0,0,0,5,0,1367.9
374.0,4,32,0.1250,0,0,0,5,0,1367.9
375.0,4,32,0.1250,0,0,0,5,0,1367.9
376.0,4,32,0.1250,0,0,0,5,0,1367.9
377.0,4,32,0.1250,0,0,0,5,0,1367.9
378.0,4,32,0.1250,0,0,0,5,0,1367.9
379.0,4,32,0.1250,0,0,0,5,0,1367.9
380.0,4,32,0.1250,0,0,0,5,0,1367.9
381.0,4,32,0.1250,0,0,0,5,0,1367.9
382.0,4,32,0.1250,0,0,0,5,0,1367.9
383.0,4,32,0.1250,0,0,0,5,0,1367.9
384.0,4,32,0.1250,0,0,0,5,0,1367.9
385.0,4,32,0.1250,0,0,0,5,0,1367.9
386.0,4,32,0.1250,0,0,0,5,0,1367.9
387.0,4,32,0.1250,0,0,0,5,0,1367.9
388.0,4,32,0.1250,0,0,0,5,0,1367.9
389.0,4,32,0.1250,0,0,0,5,0,1367.9
390.0,4,32,0.1250,0,0,0,5,0,1367.9
391.0,4,32,0.1250,0,0,0,5,0,1367.9
392.0,4,32,0.1250,0,0,0,5,0,1367.9
393.0,4,32,0.1250,0,0,0,5,0,1367.9
394.0,4,32,0.1250,0,0,0,5,0,1367.9
395.0,4,32,0.1250,0,0,0,5,0,1367.9
396.0,4,32,0.1250,0,0,0,5,0,1367.9
397.0,4,32,0.1250,0,0,0,5,0,1367.9
398.0,4,32,0.1250,0,0,0,5,0,1367.9
399.0,5,32,0.1562,0,0,0,5,0,2183.2
400.0,5,32,0.1562,0,0,0,5,0,2183.2
401.0,5,32,0.1562,0,0,0,5,0,2183.2
402.0,5,32,0.1562,0,0,0,5,0,2183.2
403.0,5,32,0.1562,0,0,0,5,0,2183.2
404.0,5,32,0.1562,0,0,0,5,0,2183.2
405.0,5,32,0.1562,0,0,0,5,0,2183.2
406.0,5,32,0.1562,0,0,0,5,0,2183.2
407.0,5,32,0.1562,0,0,0,5,0,2183.2
408.0,5,32,0.1562,0,0,0,5,0,2183.2
409.0,5,32,0.1562,0,0,0,5,0,2183.2
410.0,5,32,0.1562,0,0,0,5,0,2183.2
411.0,5,32,0.1562,0,0,0,5,0,2183.2
412.0,5,32,0.1562,0,0,0,5,0,2183.2
413.0,5,32,0.1562,0,0,0,5,0,2183.2
414.0,5,32,0.1562,0,0,0,5,0,2183.2
415.0,5,32,0.1562,0,0,0,5,0,2183.2
416.0,5,32,0.1562,0,0,0,5,0,2183.2
417.0,5,32,0.1562,0,0,0,5,0,2183.2
418.0,5,32,0.1562,0,0,0,5,0,2183.2
419.0,5,32,0.1562,0,0,0,5,0,2183.2
420.0,5,32,0.1562,0,0,0,5,0,2183.2
421.0,5,32,0.1562,0,0,0,5,0,2183.2
422.0,5,32,0.1562,0,0,0,5,0,2183.2
423.0,5,32,0.1562,0,0,0,5,0,2183.2
424.0,4,32,0.1250,0,0,0,5,0,2008.7
425.0,4,32,0.1250,0,0,0,5,0,2008.7
426.0,4,32,0.1250,0,0,0,5,0,2008.7
427.0,4,32,0.1250,0,0,0,5,0,2008.7
428.0,4,32,0.1250,0,0,0,5,0,2008.7
429.0,4,32,0.1250,0,0,0,5,0,2008.7
430.0,4,32,0.1250,0,0,0,5,0,2008.7
431.0,4,32,0.1250,0,0,0,5,0,2008.7
432.0,4,32,0.1250,0,0,0,5,0,2008.7
433.0,4,32,0.1250,0,0,0,5,0,2008.7
434.0,4,32,0.1250,0,0,0,5,0,2008.7
435.0,4,32,0.1250,0,0,0,5,0,2008.7
436.0,4,32,0.1250,0,0,0,5,0,2008.7
437.0,4,32,0.1250,0,0,0,5,0,2008.7
438.0,4,32,0.1250,0,0,0,5,0,2008.7
439.0,4,32,0.1250,0,0,0,5,0,2008.7
440.0,4,32,0.1250,0,0,0,5,0,2008.7
441.0,4,32,0.1250,0,0,0,5,0,2008.7
442.0,4,32,0.1250,0,0,0,5,0,2008.7
443.0,4,32,0.1250,0,0,0,5,0,2008.7
444.0,4,32,0.1250,0,0,0,5,0,2008.7
445.0,4,32,0.1250,0,0,0,5,0,2008.7
446.0,4,32,0.1250,0,0,0,5,0,2008.7
447.0,4,32,0.1250,0,0,0,5,0,2008.7
448.0,4,32,0.1250,0,0,0,5,0,2008.7
449.0,4,32,0.1250,0,0,0,5,0,2008.7
450.0,4,32,0.1250,0,0,0,5,0,2008.7
451.0,4,32,0.1250,0,0,0,5,0,2008.7
452.0,4,32,0.1250,0,0,0,5,0,2008.7
453.0,4,32,0.1250,0,0,0,5,0,2008.7
454.0,4,32,0.1250,0,0,0,5,0,2008.7
455.0,4,32,0.1250,0,0,0,5,0,2008.7
456.0,4,32,0.1250,0,0,0,5,0,2008.7
457.0,4,32,0.1250,0,0,0,5,0,2008.7
458.0,4,32,0.1250,0,0,0,5,0,2008.7
459.0,4,32,0.1250,0,0,0,5,0,2008.7
460.0,4,32,0.1250,0,0,0,5,0,2008.7
461.0,4,32,0.1250,0,0,0,5,0,2008.7
462.0,4,32,0.1250,0,0,0,5,0,2008.7
463.0,4,32,0.1250,0,0,0,5,0,2008.7
464.0,4,32,0.1250,0,0,1,5,0,2008.7
465.0,4,32,0.1250,0,0,1,5,0,2008.7
466.0,4,32,0.1250,0,0,1,5,0,2008.7
467.0,4,32,0.1250,0,0,1,5,0,2008.7
468.0,4,32,0.1250,0,0,1,5,0,2008.7
469.0,4,32,0.1250,0,0,1,5,0,2008.7
470.0,4,32,0.1250,0,0,1,5,0,2008.7
471.0,4,32,0.1250,0,0,1,5,0,2008.7
472.0,4,32,0.1250,0,0,1,5,0,2008.7
473.0,4,32,0.1250,0,0,1,5,0,2008.7
474.0,4,32,0.1250,0,0,1,5,0,2008.7
475.0,4,32,0.1250,0,0,1,5,0,2008.7
476.0,4,32,0.1250,0,0,1,5,0,2008.7
477.0,4,32,0.1250,0,0,1,5,0,2008.7
478.0,4,32,0.1250,0,0,1,5,0,2008.7
479.0,4,32,0.1250,0,0,1,5,0,2008.7
480.0,4,32,0.1250,0,0,1,5,0,2008.7
481.0,4,32,0.1250,0,0,1,5,0,2008.7
482.0,4,32,0.1250,0,0,1,5,0,2008.7
483.0,4,32,0.1250,0,0,1,5,0,2008.7
484.0,4,32,0.1250,0,0,1,5,0,2008.7
485.0,4,32,0.1250,0,0,0,5,1,2008.7
486.0,4,32,0.1250,0,0,0,5,1,2008.7
487.0,4,32,0.1250,0,0,0,5,1,2008.7
488.0,4,32,0.1250,0,0,0,5,1,2008.7
489.0,4,32,0.1250,0,0,0,5,1,2008.7
490.0,4,32,0.1250,0,0,0,5,1,2008.7
491.0,4,32,0.1250,0,0,0,5,1,2008.7
492.0,4,32,0.1250,0,0,0,5,1,2008.7
493.0,4,32,0.1250,0,0,0,5,1,2008.7
494.0,4,32,0.1250,0,0,0,5,1,2008.7
495.0,4,32,0.1250,0,0,0,5,1,2008.7
496.0,4,32,0.1250,0,0,0,5,1,2008.7
497.0,4,32,0.1250,0,0,0,5,1,2008.7
498.0,4,32,0.1250,0,0,0,5,1,2008.7
499.0,4,32,0.1250,0,0,0,5,1,2008.7
500.0,4,32,0.1250,0,0,0,5,1,2008.7
501.0,4,32,0.1250,0,0,0,5,1,2008.7
502.0,4,32,0.1250,0,0,0,5,1,2008.7
503.0,4,32,0.1250,0,0,0,5,1,2008.7
504.0,4,32,0.1250,0,0,0,5,1,2008.7
505.0,4,32,0.1250,0,0,0,5,1,2008.7
506.0,4,32,0.1250,0,0,0,5,1,2008.7
507.0,3,32,0.0938,0,0,0,5,1,1848.9
508.0,3,32,0.0938,0,0,0,5,1,1848.9
509.0,3,32,0.0938,0,0,0,5,1,1848.9
510.0,3,32,0.0938,0,0,0,5,1,1848.9
511.0,3,32,0.0938,0,0,0,5,1,1848.9
512.0,3,32,0.0938,0,0,0,5,1,1848.9
513.0,3,32,0.0938,0,0,0,5,1,1848.9
514.0,3,32,0.0938,0,0,0,5,1,1848.9
515.0,3,32,0.0938,0,0,0,5,1,1848.9
516.0,3,32,0.0938,0,0,0,5,1,1848.9
517.0,3,32,0.0938,0,0,0,5,1,1848.9
518.0,3,32,0.0938,0,0,0,5,1,1848.9
519.0,3,32,0.0938,0,0,0,5,1,1848.9
520.0,3,32,0.0938,0,0,0,5,1,1848.9
521.0,3,32,0.0938,0,0,0,5,1,1848.9
522.0,3,32,0.0938,0,0,0,5,1,1848.9
523.0,3,32,0.0938,0,0,0,5,1,1848.9
524.0,3,32,0.0938,0,0,0,5,1,1848.9
525.0,3,32,0.0938,0,0,0,5,1,1848.9
526.0,3,32,0.0938,0,0,0,5,1,1848.9
527.0,3,32,0.0938,0,0,0,5,1,1848.9
528.0,3,32,0.0938,0,0,0,5,1,1848.9
529.0,3,32,0.0938,0,0,0,5,1,1848.9
530.0,3,32,0.0938,0,0,0,5,1,1848.9
531.0,3,32,0.0938,0,0,0,5,1,1848.9
532.0,3,32,0.0938,0,0,0,5,1,1848.9
533.0,3,32,0.0938,0,0,0,5,1,1848.9
534.0,3,32,0.0938,0,0,0,5,1,1848.9
535.0,3,32,0.0938,0,0,0,5,1,1848.9
536.0,3,32,0.0938,0,0,0,5,1,1848.9
537.0,3,32,0.0938,0,0,0,5,1,1848.9
538.0,3,32,0.0938,0,0,0,5,1,1848.9
539.0,3,32,0.0938,0,0,0,5,1,1848.9
540.0,3,32,0.0938,0,0,0,5,1,1848.9
541.0,3,32,0.0938,0,0,0,5,1,1848.9
542.0,3,32,0.0938,0,0,0,5,1,1848.9
543.0,3,32,0.0938,0,0,0,5,1,1848.9
544.0,3,32,0.0938,0,0,0,5,1,1848.9
545.0,3,32,0.0938,0,0,0,5,1,1848.9
546.0,3,32,0.0938,0,0,0,5,1,1848.9
547.0,3,32,0.0938,0,0,0,5,1,1848.9
548.0,3,32,0.0938,0,0,1,5,1,1848.9
549.0,3,32,0.0938,0,0,1,5,1,1848.9
550.0,3,32,0.0938,0,0,1,5,1,1848.9
551.0,3,32,0.0938,0,0,1,5,1,1848.9
552.0,3,32,0.0938,0,0,1,5,1,1848.9
553.0,3,32,0.0938,0,0,1,5,1,1848.9
554.0,3,32,0.0938,0,0,1,5,1,1848.9
555.0,3,32,0.0938,0,0,1,5,1,1848.9
556.0,3,32,0.0938,0,0,1,5,1,1848.9
557.0,3,32,0.0938,0,0,1,5,1,1848.9
558.0,3,32,0.0938,0,0,1,5,1,1848.9
559.0,3,32,0.0938,0,0,1,5,1,1848.9
560.0,3,32,0.0938,0,0,1,5,1,1848.9
561.0,3,32,0.0938,0,0,1,5,1,1848.9
562.0,3,32,0.0938,0,0,1,5,1,1848.9
563.0,3,32,0.0938,0,0,1,5,1,1848.9
564.0,3,32,0.0938,0,0,1,5,1,1848.9
565.0,3,32,0.0938,0,0,1,5,1,1848.9
566.0,3,32,0.0938,0,0,1,5,1,1848.9
567.0,3,32,0.0938,0,0,1,5,1,1848.9
568.0,3,32,0.0938,0,0,1,5,1,1848.9
569.0,3,32,0.0938,0,0,0,5,2,1848.9
570.0,3,32,0.0938,0,0,0,5,2,1848.9
571.0,3,32,0.0938,0,0,0,5,2,1848.9
572.0,3,32,0.0938,0,0,0,5,2,1848.9
573.0,3,32,0.0938,0,0,0,5,2,1848.9
574.0,3,32,0.0938,0,0,0,5,2,1848.9
575.0,3,32,0.0938,0,0,0,5,2,1848.9
576.0,3,32,0.0938,0,0,0,5,2,1848.9
577.0,3,32,0.0938,0,0,0,5,2,1848.9
578.0,3,32,0.0938,0,0,0,5,2,1848.9
579.0,3,32,0.0938,0,0,0,5,2,1848.9
580.0,3,32,0.0938,0,0,0,5,2,1848.9
581.0,3,32,0.0938,0,0,0,5,2,1848.9
582.0,3,32,0.0938,0,0,0,5,2,1848.9
583.0,3,32,0.0938,0,0,0,5,2,1848.9
584.0,3,32,0.0938,0,0,0,5,2,1848.9
585.0,3,32,0.0938,0,0,0,5,2,1848.9
586.0,3,32,0.0938,0,0,0,5,2,1848.9
587.0,3,32,0.0938,0,0,0,5,2,1848.9
588.0,3,32,0.0938,0,0,0,5,2,1848.9
589.0,3,32,0.0938,0,0,0,5,2,1848.9
590.0,3,32,0.0938,0,0,0,5,2,1848.9
591.0,3,32,0.0938,0,0,0,5,2,1848.9
592.0,3,32,0.0938,0,0,0,5,2,1848.9
593.0,3,32,0.0938,0,0,0,5,2,1848.9
594.0,3,32,0.0938,0,0,0,5,2,1848.9
595.0,3,32,0.0938,0,0,0,5,2,1848.9
596.0,3,32,0.0938,0,0,0,5,2,1848.9
597.0,3,32,0.0938,0,0,0,5,2,1848.9
598.0,3,32,0.0938,0,0,0,5,2,1848.9
599.0,3,32,0.0938,0,0,0,5,2,1848.9
600.0,3,32,0.0938,0,0,0,5,2,1848.9
601.0,3,32,0.0938,0,0,0,5,2,1848.9
602.0,3,32,0.0938,0,0,0,5,2,1848.9
603.0,3,32,0.0938,0,0,0,5,2,1848.9
604.0,3,32,0.0938,0,0,0,5,2,1848.9
605.0,3,32,0.0938,0,0,0,5,2,1848.9
606.0,3,32,0.0938,0,0,0,5,2,1848.9
607.0,3,32,0.0938,0,0,0,5,2,1848.9
608.0,3,32,0.0938,0,0,0,5,2,1848.9
609.0,3,32,0.0938,0,0,0,5,2,1848.9
610.0,3,32,0.0938,0,0,0,5,2,1848.9
611.0,3,32,0.0938,0,0,0,5,2,1848.9
612.0,3,32,0.0938,0,0,0,5,2,1848.9
613.0,3,32,0.0938,0,0,0,5,2,1848.9
614.0,3,32,0.0938,0,0,0,5,2,1848.9
615.0,3,32,0.0938,0,0,0,5,2,1848.9
616.0,3,32,0.0938,0,0,0,5,2,1848.9
617.0,3,32,0.0938,0,0,0,5,2,1848.9
618.0,3,32,0.0938,0,0,0,5,2,1848.9
619.0,3,32,0.0938,0,0,0,5,2,1848.9
620.0,3,32,0.0938,0,0,0,5,2,1848.9
621.0,3,32,0.0938,0,0,0,5,2,1848.9
622.0,3,32,0.0938,0,0,0,5,2,1848.9
623.0,3,32,0.0938,0,0,0,5,2,1848.9
624.0,3,32,0.0938,0,0,0,5,2,1848.9
625.0,3,32,0.0938,0,0,0,5,2,1848.9
626.0,3,32,0.0938,0,0,0,5,2,1848.9
627.0,3,32,0.0938,0,0,0,5,2,1848.9
628.0,3,32,0.0938,0,0,0,5,2,1848.9
629.0,3,32,0.0938,0,0,0,5,2,1848.9
630.0,3,32,0.0938,0,0,0,5,2,1848.9
631.0,3,32,0.0938,0,0,0,5,2,1848.9
632.0,3,32,0.0938,0,0,0,5,2,1848.9
633.0,3,32,0.0938,0,0,0,5,2,1848.9
