t_s,x,y,theta,state,speed,battery_pct,charging,distance_m,busy_s,uptime_s,task,carrying,safety_state,gt_x,gt_y,loc_error_m,loc_score
10.0,3.000,1.450,-1.571,CHARGING,0.000,86.79,1,0.00,0.0,9.5,,,NORMAL,3.000,1.450,0.000,1.000
11.0,3.000,1.450,-1.571,CHARGING,0.000,87.34,1,0.00,0.0,10.5,,,NORMAL,3.000,1.450,0.000,1.000
12.0,3.000,1.450,-1.571,CHARGING,0.000,87.88,1,0.00,0.0,11.5,,,NORMAL,3.000,1.450,0.000,1.000
13.0,3.000,1.450,-1.571,CHARGING,0.000,88.42,1,0.00,0.0,12.5,,,NORMAL,3.000,1.450,0.000,1.000
14.0,3.000,1.450,-1.571,CHARGING,0.000,88.96,1,0.00,0.0,13.5,,,NORMAL,3.000,1.450,0.000,1.000
15.0,3.000,1.450,-1.571,CHARGING,0.000,89.50,1,0.00,0.0,14.5,,,NORMAL,3.000,1.450,0.000,1.000
16.0,3.000,1.450,-1.571,CHARGING,0.000,90.05,1,0.00,0.0,15.5,,,NORMAL,3.000,1.450,0.000,1.000
17.0,3.000,1.450,-1.571,CHARGING,0.000,90.59,1,0.00,0.0,16.5,,,NORMAL,3.000,1.450,0.000,1.000
18.0,3.000,1.450,-1.571,CHARGING,0.000,91.41,1,0.00,0.0,18.0,,,NORMAL,3.000,1.450,0.000,1.000
19.0,3.000,1.450,-1.571,CHARGING,0.000,91.67,1,0.00,0.0,18.5,,,NORMAL,3.000,1.450,0.000,1.000
20.0,3.000,1.450,-1.571,CHARGING,0.000,92.21,1,0.00,0.0,19.5,,,NORMAL,3.000,1.450,0.000,1.000
21.0,3.000,1.450,-1.571,CHARGING,0.000,92.75,1,0.00,0.0,20.5,,,NORMAL,3.000,1.450,0.000,1.000
22.0,3.000,1.450,-1.571,CHARGING,0.000,93.30,1,0.00,0.0,21.5,,,NORMAL,3.000,1.450,0.000,1.000
23.0,3.000,1.450,-1.571,CHARGING,0.000,93.84,1,0.00,0.0,22.5,,,NORMAL,3.000,1.450,0.000,1.000
24.0,3.000,1.450,-1.571,CHARGING,0.000,94.38,1,0.00,0.0,23.5,,,NORMAL,3.000,1.450,0.000,1.000
25.0,3.000,1.450,-1.571,CHARGING,0.000,94.93,1,0.00,0.0,24.5,,,NORMAL,3.000,1.450,0.000,1.000
26.0,3.000,1.450,-1.571,CHARGING,0.000,95.73,1,0.00,0.0,25.5,,,NORMAL,3.000,1.450,0.000,1.000
27.0,3.000,1.450,-1.571,CHARGING,0.000,96.01,1,0.00,0.0,26.5,,,NORMAL,3.000,1.450,0.000,1.000
28.0,3.000,1.450,-1.571,CHARGING,0.000,96.55,1,0.00,0.0,27.5,,,NORMAL,3.000,1.450,0.000,1.000
29.0,3.000,1.450,-1.571,CHARGING,0.000,97.09,1,0.00,0.0,28.5,,,NORMAL,3.000,1.450,0.000,1.000
30.0,3.000,1.450,-1.571,CHARGING,0.000,97.64,1,0.00,0.0,29.5,,,NORMAL,3.000,1.450,0.000,1.000
31.0,3.000,1.450,-1.571,CHARGING,0.000,98.18,1,0.00,0.0,30.5,,,NORMAL,3.000,1.450,0.000,1.000
32.0,3.000,1.450,-1.571,CHARGING,0.000,98.72,1,0.00,0.0,31.5,,,NORMAL,3.000,1.450,0.000,1.000
33.0,3.000,1.450,-1.571,CHARGING,0.000,99.26,1,0.00,0.0,32.5,,,NORMAL,3.000,1.450,0.000,1.000
34.0,3.000,1.450,-1.571,CHARGING,0.000,99.81,1,0.00,0.0,33.5,,,NORMAL,3.000,1.450,0.000,1.000
35.0,3.000,1.450,-1.571,CHARGING,0.000,100.00,1,0.00,0.0,34.5,,,NORMAL,3.000,1.450,0.000,1.000
36.0,3.000,1.450,-1.571,CHARGING,0.000,100.00,1,0.00,0.0,35.5,,,NORMAL,3.000,1.450,0.000,1.000
37.0,3.000,1.450,-1.571,CHARGING,0.000,100.00,1,0.00,0.0,36.5,,,NORMAL,3.000,1.450,0.000,1.000
38.0,3.000,1.450,-1.571,CHARGING,0.000,100.00,1,0.00,0.0,37.5,,,NORMAL,3.000,1.450,0.000,1.000
39.0,3.000,1.450,-1.571,CHARGING,0.000,100.00,1,0.00,0.0,38.5,,,NORMAL,3.000,1.450,0.000,1.000
40.0,3.000,1.450,-1.571,CHARGING,0.000,100.00,1,0.00,0.0,39.5,,,NORMAL,3.000,1.450,0.000,1.000
41.0,3.000,1.450,-1.571,CHARGING,0.000,100.00,1,0.00,0.0,40.5,,,WARNING,3.000,1.450,0.000,1.000
42.0,3.000,1.450,-1.571,CHARGING,0.000,100.00,1,0.00,0.0,41.5,,,WARNING,3.000,1.450,0.000,1.000
43.0,3.000,1.450,-1.571,CHARGING,0.000,100.00,1,0.00,0.0,42.5,,,WARNING,3.000,1.450,0.000,1.000
44.0,3.000,1.450,-1.571,CHARGING,0.000,100.00,1,0.00,0.0,43.5,,,WARNING,3.000,1.450,0.000,1.000
45.0,3.000,1.450,-1.571,CHARGING,0.000,100.00,1,0.00,0.0,44.5,,,WARNING,3.000,1.450,0.000,1.000
46.0,3.000,1.450,-1.571,CHARGING,0.000,100.00,1,0.00,0.0,45.5,,,WARNING,3.000,1.450,0.000,1.000
47.0,3.000,1.450,-1.571,CHARGING,0.000,100.00,1,0.00,0.0,46.5,,,WARNING,3.000,1.450,0.000,1.000
48.0,3.000,1.450,-1.571,CHARGING,0.000,100.00,1,0.00,0.0,47.5,,,WARNING,3.000,1.450,0.000,1.000
49.0,3.000,1.450,-1.571,CHARGING,0.000,100.00,1,0.00,0.0,48.5,,,WARNING,3.000,1.450,0.000,1.000
50.0,3.000,1.450,-1.571,CHARGING,0.000,100.00,1,0.00,0.0,49.5,,,WARNING,3.000,1.450,0.000,1.000
51.0,3.000,1.450,-1.571,CHARGING,0.000,100.00,1,0.00,0.0,50.5,,,WARNING,3.000,1.450,0.000,1.000
52.0,3.000,1.450,-1.571,CHARGING,0.000,100.00,1,0.00,0.0,51.5,,,WARNING,3.000,1.450,0.000,1.000
53.0,3.000,1.450,-1.571,CHARGING,0.000,100.00,1,0.00,0.0,52.5,,,WARNING,3.000,1.450,0.000,1.000
54.0,3.000,1.450,-1.571,CHARGING,0.000,100.00,1,0.00,0.0,53.5,,,WARNING,3.000,1.450,0.000,1.000
55.0,3.000,1.450,-1.571,CHARGING,0.000,100.00,1,0.00,0.0,54.5,,,WARNING,3.000,1.450,0.000,1.000
56.0,3.000,1.450,-1.571,CHARGING,0.000,100.00,1,0.00,0.0,55.5,,,WARNING,3.000,1.450,0.000,1.000
57.0,3.000,1.450,-1.571,CHARGING,0.000,100.00,1,0.00,0.0,56.5,,,WARNING,3.000,1.450,0.000,1.000
58.0,3.000,1.450,-1.571,CHARGING,0.000,100.00,1,0.00,0.0,57.5,,,WARNING,3.000,1.450,0.000,1.000
59.0,3.000,1.450,-1.571,CHARGING,0.000,100.00,1,0.00,0.0,58.5,,,WARNING,3.000,1.450,0.000,1.000
60.0,3.000,1.450,-1.571,CHARGING,0.000,100.00,1,0.00,0.0,59.5,,,WARNING,3.000,1.450,0.000,1.000
61.0,3.000,1.450,-1.571,CHARGING,0.000,100.00,1,0.00,0.0,60.5,,,WARNING,3.000,1.450,0.000,1.000
62.0,3.000,1.450,-1.571,CHARGING,0.000,100.00,1,0.00,0.0,61.5,,,WARNING,3.000,1.450,0.000,1.000
63.0,3.000,1.450,-1.571,CHARGING,0.000,100.00,1,0.00,0.0,62.5,,,WARNING,3.000,1.450,0.000,1.000
64.0,3.000,1.450,-1.571,CHARGING,0.000,100.00,1,0.00,0.0,63.5,,,WARNING,3.000,1.450,0.000,1.000
65.0,3.000,1.450,-1.571,CHARGING,0.000,100.00,1,0.00,0.0,64.5,,,WARNING,3.000,1.450,0.000,1.000
66.0,3.000,1.450,-1.571,CHARGING,0.000,100.00,1,0.00,0.0,65.5,,,WARNING,3.000,1.450,0.000,1.000
67.0,3.000,1.450,-1.571,CHARGING,0.000,100.00,1,0.00,0.0,66.5,,,WARNING,3.000,1.450,0.000,1.000
68.0,3.000,1.450,-1.571,CHARGING,0.000,100.00,1,0.00,0.0,67.5,,,WARNING,3.000,1.450,0.000,1.000
69.0,3.000,1.450,-1.571,CHARGING,0.000,100.00,1,0.00,0.0,68.5,,,WARNING,3.000,1.450,0.000,1.000
70.0,3.000,1.450,-1.571,CHARGING,0.000,100.00,1,0.00,0.0,69.5,,,WARNING,3.000,1.450,0.000,1.000
71.0,3.000,1.450,-1.571,CHARGING,0.000,100.00,1,0.00,0.0,70.5,,,NORMAL,3.000,1.450,0.000,1.000
72.0,3.000,1.450,-1.571,CHARGING,0.000,100.00,1,0.00,0.0,71.5,,,NORMAL,3.000,1.450,0.000,1.000
73.0,3.000,1.450,-1.571,CHARGING,0.000,100.00,1,0.00,0.0,72.5,,,NORMAL,3.000,1.450,0.000,1.000
74.0,3.000,1.450,-1.571,CHARGING,0.000,100.00,1,0.00,0.0,73.5,,,NORMAL,3.000,1.450,0.000,1.000
75.0,3.000,1.450,-1.571,CHARGING,0.000,100.00,1,0.00,0.0,74.5,,,NORMAL,3.000,1.450,0.000,1.000
76.0,3.000,1.450,-1.571,CHARGING,0.000,100.00,1,0.00,0.0,75.5,,,NORMAL,3.000,1.450,0.000,1.000
77.0,3.000,1.450,-1.571,CHARGING,0.000,100.00,1,0.00,0.0,76.5,,,NORMAL,3.000,1.450,0.000,1.000
78.0,3.000,1.450,-1.571,CHARGING,0.000,100.00,1,0.00,0.0,77.5,,,NORMAL,3.000,1.450,0.000,1.000
79.0,3.000,1.450,-1.571,CHARGING,0.000,100.00,1,0.00,0.0,78.5,,,NORMAL,3.000,1.450,0.000,1.000
80.0,3.000,1.450,-1.571,CHARGING,0.000,100.00,1,0.00,0.0,79.5,,,NORMAL,3.000,1.450,0.000,1.000
81.0,3.000,1.450,-1.571,CHARGING,0.000,100.00,1,0.00,0.0,80.5,,,NORMAL,3.000,1.450,0.000,1.000
82.0,3.000,1.450,-1.571,CHARGING,0.000,100.00,1,0.00,0.0,81.5,,,NORMAL,3.000,1.450,0.000,1.000
83.0,3.000,1.450,-1.538,NAVIGATING,-0.000,100.00,1,0.00,0.5,82.5,T-0001,,NORMAL,3.000,1.450,0.000,1.000
84.0,3.000,1.448,-1.418,NAVIGATING,0.000,99.98,0,0.00,1.5,83.5,T-0001,,NORMAL,3.000,1.450,0.002,1.000
85.0,3.000,1.444,-1.289,NAVIGATING,0.000,99.96,0,0.00,2.5,84.5,T-0001,,NORMAL,3.000,1.450,0.006,1.000
86.0,3.001,1.436,-1.166,NAVIGATING,0.000,99.94,0,0.00,3.5,85.5,T-0001,,NORMAL,3.000,1.450,0.014,1.000
87.0,3.002,1.429,-1.042,NAVIGATING,-0.000,99.93,0,0.00,4.5,86.5,T-0001,,NORMAL,3.000,1.450,0.021,1.000
88.0,3.003,1.425,-0.922,NAVIGATING,0.000,99.92,0,0.00,5.5,87.5,T-0001,,NORMAL,3.000,1.450,0.025,1.000
89.0,3.004,1.421,-0.795,NAVIGATING,0.000,99.89,0,0.00,6.5,88.5,T-0001,,NORMAL,3.000,1.450,0.029,1.000
90.0,3.007,1.416,-0.671,NAVIGATING,-0.000,99.89,0,0.00,7.5,89.5,T-0001,,NORMAL,3.000,1.450,0.035,1.000
91.0,3.010,1.410,-0.551,NAVIGATING,-0.000,99.87,0,0.00,8.5,90.5,T-0001,,NORMAL,3.000,1.450,0.042,1.000
92.0,3.009,1.410,-0.158,NAVIGATING,-0.000,99.84,0,0.00,9.5,91.5,T-0001,,NORMAL,3.000,1.450,0.041,1.000
93.0,3.009,1.410,0.648,NAVIGATING,0.000,99.81,0,0.00,10.5,92.5,T-0001,,NORMAL,3.000,1.450,0.041,1.000
94.0,3.028,1.451,0.950,NAVIGATING,0.080,99.80,0,0.05,11.5,93.5,T-0001,,NORMAL,3.029,1.486,0.035,1.000
95.0,3.124,1.669,1.219,NAVIGATING,0.300,99.77,0,0.29,12.5,94.5,T-0001,,NORMAL,3.137,1.705,0.039,1.000
96.0,3.203,1.965,1.269,NAVIGATING,0.300,99.74,0,0.59,13.5,95.5,T-0001,,NORMAL,3.227,1.991,0.036,1.000
97.0,3.293,2.241,1.187,NAVIGATING,0.300,99.69,0,0.89,14.5,96.5,T-0001,,NORMAL,3.328,2.274,0.048,1.000
98.0,3.422,2.516,1.075,NAVIGATING,0.300,99.68,0,1.19,15.5,97.5,T-0001,,NORMAL,3.458,2.544,0.046,1.000
99.0,3.566,2.776,1.050,NAVIGATING,0.300,99.65,0,1.49,16.5,98.5,T-0001,,NORMAL,3.606,2.805,0.050,1.000
100.0,3.871,3.233,0.780,NAVIGATING,0.617,99.60,0,2.02,18.0,100.0,T-0001,,NORMAL,3.895,3.242,0.026,1.000
101.0,4.160,3.445,0.556,NAVIGATING,0.800,99.57,0,2.39,18.5,100.5,T-0001,,NORMAL,4.200,3.473,0.049,1.000
102.0,4.816,3.866,0.602,NAVIGATING,0.800,99.52,0,3.19,19.5,101.5,T-0001,,NORMAL,4.873,3.906,0.070,1.000
103.0,5.458,4.370,0.666,NAVIGATING,0.800,99.46,0,3.99,20.5,102.5,T-0001,,NORMAL,5.505,4.399,0.056,1.000
104.0,6.072,4.861,0.690,NAVIGATING,0.800,99.40,0,4.79,21.5,103.5,T-0001,,NORMAL,6.131,4.897,0.069,1.000
105.0,6.565,5.450,1.048,NAVIGATING,0.800,99.34,0,5.59,22.5,104.5,T-0001,,NORMAL,6.655,5.495,0.101,1.000
106.0,6.827,6.213,1.405,NAVIGATING,0.800,99.28,0,6.39,23.5,105.5,T-0001,,NORMAL,6.922,6.245,0.101,1.000
107.0,6.909,7.007,1.563,NAVIGATING,0.800,99.20,0,7.19,24.5,106.5,T-0001,,NORMAL,6.995,7.041,0.093,1.000
108.0,6.896,7.831,1.609,NAVIGATING,0.800,99.17,0,7.99,25.5,107.5,T-0001,,NORMAL,6.987,7.841,0.091,1.000
109.0,6.873,8.607,1.613,NAVIGATING,0.800,99.11,0,8.79,26.5,108.5,T-0001,,NORMAL,6.969,8.641,0.102,1.000
110.0,6.854,9.419,1.600,NAVIGATING,0.800,99.06,0,9.59,27.5,109.5,T-0001,,NORMAL,6.951,9.441,0.100,1.000
111.0,6.844,10.233,1.590,NAVIGATING,0.800,99.00,0,10.39,28.5,110.5,T-0001,,NORMAL,6.941,10.241,0.097,1.000
112.0,6.838,11.041,1.587,NAVIGATING,0.800,98.92,0,11.19,29.5,111.5,T-0001,,NORMAL,6.932,11.041,0.094,1.000
113.0,6.799,11.839,1.749,NAVIGATING,0.800,98.86,0,11.99,30.5,112.5,T-0001,,NORMAL,6.881,11.841,0.081,1.000
114.0,6.528,12.549,2.118,NAVIGATING,0.800,98.83,0,12.79,31.5,113.5,T-0001,,NORMAL,6.596,12.585,0.076,1.000
115.0,6.041,13.124,2.365,NAVIGATING,0.631,98.77,0,13.58,32.5,114.5,T-0001,,NORMAL,6.105,13.193,0.095,1.000
116.0,5.714,13.382,2.561,NAVIGATING,0.400,98.71,0,14.00,33.5,115.5,T-0001,,NORMAL,5.782,13.454,0.099,1.000
117.0,5.384,13.600,2.561,NAVIGATING,0.400,98.69,0,14.40,34.5,116.5,T-0001,,NORMAL,5.450,13.677,0.101,1.000
118.0,5.056,13.821,2.550,NAVIGATING,0.400,98.66,0,14.80,35.5,117.5,T-0001,,NORMAL,5.118,13.901,0.101,1.000
119.0,4.728,14.046,2.549,NAVIGATING,0.400,98.63,0,15.20,36.5,118.5,T-0001,,NORMAL,4.787,14.125,0.099,1.000
120.0,4.390,14.274,2.566,NAVIGATING,0.400,98.59,0,15.60,37.5,119.5,T-0001,,NORMAL,4.454,14.348,0.098,1.000
121.0,4.063,14.492,2.546,NAVIGATING,0.400,98.56,0,16.00,38.5,120.5,T-0001,,NORMAL,4.120,14.568,0.095,1.000
122.0,3.728,14.729,2.527,NAVIGATING,0.400,98.52,0,16.40,39.5,121.5,T-0001,,NORMAL,3.792,14.798,0.093,1.000
123.0,3.405,14.953,2.556,NAVIGATING,0.400,98.49,0,16.80,40.5,122.5,T-0001,,NORMAL,3.463,15.025,0.092,1.000
124.0,2.919,15.295,2.517,NAVIGATING,0.400,98.43,0,17.40,42.0,124.0,T-0001,,NORMAL,2.979,15.364,0.091,1.000
125.0,2.747,15.414,2.513,NAVIGATING,0.400,98.40,0,17.60,42.5,124.5,T-0001,,NORMAL,2.810,15.488,0.097,1.000
126.0,2.460,15.644,2.489,NAVIGATING,0.312,98.38,0,17.97,43.5,125.5,T-0001,,NORMAL,2.514,15.713,0.087,1.000
127.0,2.276,15.787,2.494,NAVIGATING,0.187,98.34,0,18.22,44.5,126.5,T-0001,,NORMAL,2.322,15.857,0.084,1.000
128.0,2.162,15.875,2.485,NAVIGATING,0.108,98.33,0,18.36,45.5,127.5,T-0001,,NORMAL,2.209,15.943,0.083,1.000
129.0,2.091,15.928,2.476,NAVIGATING,0.080,98.31,0,18.45,46.5,128.5,T-0001,,NORMAL,2.139,15.996,0.083,1.000
130.0,2.068,15.945,2.184,NAVIGATING,-0.000,98.29,0,18.48,47.5,129.5,T-0001,,NORMAL,2.118,16.013,0.084,1.000
131.0,2.068,15.951,1.798,NAVIGATING,0.000,98.27,0,18.48,48.5,130.5,T-0001,,NORMAL,2.118,16.013,0.080,1.000
132.0,2.058,15.973,1.488,PICKING,0.000,98.25,0,18.48,49.5,131.5,T-0001,,NORMAL,2.118,16.013,0.072,1.000
133.0,2.058,15.973,1.488,PICKING,0.000,98.23,0,18.48,50.5,132.5,T-0001,UCO-0001,NORMAL,2.118,16.013,0.072,1.000
134.0,2.058,15.973,1.488,PICKING,0.000,98.22,0,18.48,51.5,133.5,T-0001,UCO-0001,NORMAL,2.118,16.013,0.072,1.000
135.0,2.056,15.978,1.237,NAVIGATING,0.000,98.21,0,18.48,52.5,134.5,T-0001,UCO-0001,NORMAL,2.118,16.013,0.071,1.000
136.0,2.066,16.001,0.427,NAVIGATING,0.000,98.16,0,18.48,53.5,135.5,T-0001,UCO-0001,NORMAL,2.118,16.013,0.053,1.000
137.0,2.200,16.012,-0.158,NAVIGATING,0.267,98.14,0,18.60,54.5,136.5,T-0001,UCO-0001,EMERGENCY_STOP,2.250,16.008,0.050,1.000
138.0,2.242,16.010,-0.246,PAUSED,0.000,98.11,0,18.64,55.5,137.5,T-0001,UCO-0001,EMERGENCY_STOP,2.282,16.001,0.042,1.000
139.0,2.242,16.010,-0.246,PAUSED,0.000,98.09,0,18.64,56.5,138.5,T-0001,UCO-0001,EMERGENCY_STOP,2.282,16.001,0.042,1.000
140.0,2.242,16.010,-0.246,PAUSED,0.000,98.08,0,18.64,57.5,139.5,T-0001,UCO-0001,EMERGENCY_STOP,2.282,16.001,0.042,1.000
141.0,2.242,16.010,-0.246,PAUSED,0.000,98.07,0,18.64,58.5,140.5,T-0001,UCO-0001,EMERGENCY_STOP,2.282,16.001,0.042,1.000
142.0,2.242,16.010,-0.246,PAUSED,0.000,98.05,0,18.64,60.0,142.0,T-0001,UCO-0001,EMERGENCY_STOP,2.282,16.001,0.042,1.000
143.0,2.242,16.010,-0.246,PAUSED,0.000,98.04,0,18.64,60.5,142.5,T-0001,UCO-0001,EMERGENCY_STOP,2.282,16.001,0.042,1.000
144.0,2.242,16.010,-0.246,PAUSED,0.000,98.03,0,18.64,61.5,143.5,T-0001,UCO-0001,EMERGENCY_STOP,2.282,16.001,0.042,1.000
145.0,2.242,16.010,-0.246,PAUSED,0.000,98.00,0,18.64,62.5,144.5,T-0001,UCO-0001,EMERGENCY_STOP,2.282,16.001,0.042,1.000
146.0,2.242,16.010,-0.246,PAUSED,0.000,98.00,0,18.64,63.5,145.5,T-0001,UCO-0001,EMERGENCY_STOP,2.282,16.001,0.042,1.000
147.0,2.242,16.010,-0.246,PAUSED,0.000,97.98,0,18.64,64.5,146.5,T-0001,UCO-0001,EMERGENCY_STOP,2.282,16.001,0.042,1.000
148.0,2.242,16.010,-0.246,PAUSED,0.000,97.97,0,18.64,65.5,147.5,T-0001,UCO-0001,EMERGENCY_STOP,2.282,16.001,0.042,1.000
149.0,2.242,16.010,-0.246,PAUSED,0.000,97.95,0,18.64,66.5,148.5,T-0001,UCO-0001,NORMAL,2.282,16.001,0.042,1.000
150.0,2.443,15.949,-0.333,NAVIGATING,0.400,97.94,0,18.84,67.5,149.5,T-0001,UCO-0001,NORMAL,2.484,15.941,0.042,1.000
151.0,2.825,15.807,-0.385,NAVIGATING,0.400,97.89,0,19.24,68.5,150.5,T-0001,UCO-0001,NORMAL,2.859,15.802,0.034,1.000
152.0,3.190,15.652,-0.411,NAVIGATING,0.400,97.85,0,19.64,69.5,151.5,T-0001,UCO-0001,NORMAL,3.229,15.649,0.039,1.000
153.0,3.749,15.399,-0.424,NAVIGATING,0.400,97.79,0,20.24,71.0,153.0,T-0001,UCO-0001,NORMAL,3.767,15.416,0.024,1.000
154.0,3.932,15.310,-0.435,NAVIGATING,0.400,97.77,0,20.44,71.5,153.5,T-0001,UCO-0001,NORMAL,3.961,15.326,0.033,1.000
155.0,4.303,15.140,-0.422,NAVIGATING,0.400,97.72,0,20.84,72.5,154.5,T-0001,UCO-0001,NORMAL,4.326,15.160,0.030,1.000
156.0,4.659,14.983,-0.431,NAVIGATING,0.400,97.68,0,21.24,73.5,155.5,T-0001,UCO-0001,NORMAL,4.691,14.996,0.035,1.000
157.0,5.033,14.811,-0.440,NAVIGATING,0.400,97.64,0,21.64,74.5,156.5,T-0001,UCO-0001,NORMAL,5.053,14.826,0.026,1.000
158.0,5.377,14.650,-0.432,NAVIGATING,0.400,97.58,0,22.00,75.5,157.5,T-0001,UCO-0001,NORMAL,5.401,14.662,0.027,1.000
159.0,5.717,14.487,-0.447,NAVIGATING,0.400,97.54,0,22.40,76.5,158.5,T-0001,UCO-0001,NORMAL,5.763,14.492,0.047,1.000
160.0,6.087,14.312,-0.463,NAVIGATING,0.400,97.49,0,22.80,77.5,159.5,T-0001,UCO-0001,NORMAL,6.122,14.316,0.036,1.000
161.0,6.437,14.136,-0.458,NAVIGATING,0.400,97.47,0,23.24,78.5,160.5,T-0001,UCO-0001,NORMAL,6.481,14.137,0.044,1.000
162.0,6.793,13.959,-0.468,NAVIGATING,0.400,97.43,0,23.64,79.5,161.5,T-0001,UCO-0001,NORMAL,6.839,13.959,0.047,1.000
163.0,7.146,13.787,-0.458,NAVIGATING,0.400,97.39,0,24.04,80.5,162.5,T-0001,UCO-0001,NORMAL,7.199,13.784,0.053,1.000
164.0,7.508,13.614,-0.462,NAVIGATING,0.400,97.35,0,24.44,81.5,163.5,T-0001,UCO-0001,NORMAL,7.559,13.606,0.052,1.000
165.0,8.048,13.341,-0.514,NAVIGATING,0.400,97.28,0,25.04,83.0,165.0,T-0001,UCO-0001,NORMAL,8.091,13.333,0.043,1.000
166.0,8.220,13.248,-0.508,NAVIGATING,0.400,97.26,0,25.24,83.5,165.5,T-0001,UCO-0001,NORMAL,8.268,13.234,0.050,1.000
167.0,8.598,13.042,-0.535,NAVIGATING,0.400,97.22,0,25.64,84.5,166.5,T-0001,UCO-0001,NORMAL,8.617,13.039,0.019,1.000
168.0,9.428,12.549,-0.555,NAVIGATING,0.800,97.14,0,26.57,86.0,168.0,T-0001,UCO-0001,NORMAL,9.412,12.562,0.020,1.000
169.0,9.750,12.346,-0.566,NAVIGATING,0.800,97.10,0,26.97,86.5,168.5,T-0001,UCO-0001,NORMAL,9.760,12.346,0.010,1.000
170.0,10.432,11.913,-0.578,NAVIGATING,0.800,97.04,0,27.77,87.5,169.5,T-0001,UCO-0001,NORMAL,10.435,11.916,0.004,1.000
171.0,11.102,11.471,-0.574,NAVIGATING,0.800,96.93,0,28.57,88.5,170.5,T-0001,UCO-0001,NORMAL,11.108,11.478,0.009,1.000
172.0,11.787,11.062,-0.509,NAVIGATING,0.800,96.90,0,29.37,89.5,171.5,T-0001,UCO-0001,NORMAL,11.798,11.070,0.013,1.000
173.0,12.428,10.710,-0.499,NAVIGATING,0.549,96.83,0,30.11,90.5,172.5,T-0001,UCO-0001,NORMAL,12.443,10.720,0.018,1.000
174.0,12.741,10.541,-0.500,NAVIGATING,0.240,96.77,0,30.49,91.5,173.5,T-0001,UCO-0001,NORMAL,12.770,10.544,0.029,1.000
175.0,12.880,10.463,-0.486,NAVIGATING,0.110,96.75,0,30.66,92.5,174.5,T-0001,UCO-0001,NORMAL,12.919,10.466,0.039,1.000
176.0,12.920,10.442,-0.313,NAVIGATING,-0.000,96.72,0,30.70,93.5,175.5,T-0001,UCO-0001,NORMAL,12.959,10.445,0.038,1.000
177.0,12.910,10.447,0.465,NAVIGATING,-0.000,96.70,0,30.70,94.5,176.5,T-0001,UCO-0001,NORMAL,12.959,10.445,0.049,1.000
178.0,12.876,10.458,1.091,NAVIGATING,0.000,96.67,0,30.70,95.5,177.5,T-0001,UCO-0001,NORMAL,12.959,10.445,0.083,1.000
179.0,12.875,10.464,0.730,NAVIGATING,0.000,96.65,0,30.70,96.5,178.5,T-0001,UCO-0001,NORMAL,12.959,10.445,0.086,1.000
180.0,12.872,10.468,-0.080,NAVIGATING,0.049,96.61,0,30.70,97.5,179.5,T-0001,UCO-0001,NORMAL,12.963,10.445,0.094,1.000
181.0,12.923,10.443,-0.380,NAVIGATING,-0.000,96.58,0,30.77,98.5,180.5,T-0001,UCO-0001,NORMAL,13.027,10.429,0.106,1.000
182.0,12.926,10.444,0.135,NAVIGATING,0.000,96.55,0,30.77,99.5,181.5,T-0001,UCO-0001,NORMAL,13.027,10.429,0.103,1.000
183.0,12.938,10.446,0.931,NAVIGATING,0.000,96.51,0,30.77,100.5,182.5,T-0001,UCO-0001,NORMAL,13.027,10.429,0.091,1.000
184.0,12.925,10.446,1.657,DROPPING,0.000,96.48,0,30.77,101.5,183.5,T-0001,UCO-0001,NORMAL,13.027,10.429,0.103,1.000
185.0,12.928,10.441,1.686,DROPPING,0.000,96.48,0,30.77,102.5,184.5,T-0001,UCO-0001,NORMAL,13.027,10.429,0.100,1.000
186.0,12.928,10.441,1.686,DROPPING,0.000,96.45,0,30.77,104.0,186.0,T-0001,,NORMAL,13.027,10.429,0.100,0.812
187.0,12.928,10.441,1.686,IDLE,0.000,96.45,0,30.77,104.0,186.5,,,NORMAL,13.027,10.429,0.100,1.000
188.0,12.928,10.441,1.686,IDLE,0.000,96.44,0,30.77,104.0,187.5,,,NORMAL,13.027,10.429,0.100,1.000
189.0,12.928,10.441,1.686,IDLE,0.000,96.42,0,30.77,104.0,188.5,,,NORMAL,13.027,10.429,0.100,1.000
190.0,12.928,10.441,1.686,IDLE,0.000,96.41,0,30.77,104.0,189.5,,,NORMAL,13.027,10.429,0.100,1.000
191.0,12.928,10.441,1.686,IDLE,0.000,96.39,0,30.77,104.0,190.5,,,NORMAL,13.027,10.429,0.100,1.000
192.0,12.928,10.441,1.686,IDLE,0.000,96.38,0,30.77,104.0,191.5,,,NORMAL,13.027,10.429,0.100,1.000
193.0,12.928,10.441,1.686,IDLE,0.000,96.37,0,30.77,104.0,192.5,,,NORMAL,13.027,10.429,0.100,1.000
194.0,12.928,10.441,1.686,IDLE,0.000,96.35,0,30.77,104.0,193.5,,,NORMAL,13.027,10.429,0.100,1.000
195.0,12.928,10.441,1.686,IDLE,0.000,96.34,0,30.77,104.0,194.5,,,NORMAL,13.027,10.429,0.100,1.000
196.0,12.928,10.441,1.686,IDLE,0.000,96.32,0,30.77,104.0,195.5,,,NORMAL,13.027,10.429,0.100,1.000
197.0,12.928,10.441,1.686,IDLE,0.000,96.31,0,30.77,104.0,196.5,,,NORMAL,13.027,10.429,0.100,1.000
198.0,12.928,10.441,1.686,IDLE,0.000,96.30,0,30.77,104.0,197.5,,,NORMAL,13.027,10.429,0.100,1.000
199.0,12.928,10.441,1.686,IDLE,0.000,96.28,0,30.77,104.0,198.5,,,NORMAL,13.027,10.429,0.100,1.000
200.0,12.928,10.441,1.686,IDLE,0.000,96.27,0,30.77,104.0,199.5,,,NORMAL,13.027,10.429,0.100,1.000
201.0,12.928,10.441,1.686,IDLE,0.000,96.26,0,30.77,104.0,200.5,,,NORMAL,13.027,10.429,0.100,1.000
202.0,12.928,10.441,1.686,IDLE,0.000,96.23,0,30.77,104.0,201.5,,,NORMAL,13.027,10.429,0.100,1.000
203.0,12.928,10.441,1.686,IDLE,0.000,96.23,0,30.77,104.0,202.5,,,NORMAL,13.027,10.429,0.100,1.000
204.0,12.928,10.441,1.686,IDLE,0.000,96.21,0,30.77,104.0,203.5,,,NORMAL,13.027,10.429,0.100,1.000
205.0,12.928,10.441,1.686,IDLE,0.000,96.20,0,30.77,104.0,204.5,,,NORMAL,13.027,10.429,0.100,1.000
206.0,12.928,10.441,1.686,IDLE,0.000,96.19,0,30.77,104.0,205.5,,,NORMAL,13.027,10.429,0.100,1.000
207.0,12.928,10.441,1.686,IDLE,0.000,96.17,0,30.77,104.0,206.5,,,NORMAL,13.027,10.429,0.100,1.000
208.0,12.928,10.441,1.811,NAVIGATING,0.000,96.16,0,30.77,104.5,207.5,T-0002,,NORMAL,13.027,10.429,0.100,1.000
209.0,12.930,10.426,2.066,NAVIGATING,0.000,96.13,0,30.77,105.5,208.5,T-0002,,NORMAL,13.027,10.429,0.098,1.000
210.0,12.929,10.423,2.201,NAVIGATING,0.000,96.12,0,30.77,106.5,209.5,T-0002,,NORMAL,13.027,10.429,0.098,1.000
211.0,12.821,10.464,2.829,NAVIGATING,0.429,96.07,0,30.91,107.5,210.5,T-0002,,NORMAL,12.903,10.486,0.085,1.000
212.0,12.283,10.602,2.804,NAVIGATING,0.600,96.05,0,31.49,108.5,211.5,T-0002,,NORMAL,12.342,10.636,0.069,1.000
213.0,11.625,10.857,2.739,NAVIGATING,0.800,96.00,0,32.19,109.5,212.5,T-0002,,NORMAL,11.687,10.892,0.071,1.000
214.0,10.895,11.175,2.712,NAVIGATING,0.800,95.92,0,32.99,110.5,213.5,T-0002,,NORMAL,10.952,11.209,0.067,1.000
215.0,10.130,11.522,2.698,NAVIGATING,0.800,95.89,0,33.79,111.5,214.5,T-0002,,NORMAL,10.223,11.538,0.094,1.000
216.0,9.423,11.868,2.681,NAVIGATING,0.800,95.83,0,34.59,112.5,215.5,T-0002,,NORMAL,9.501,11.883,0.080,1.000
217.0,8.723,12.208,2.687,NAVIGATING,0.800,95.78,0,35.39,113.5,216.5,T-0002,,NORMAL,8.780,12.228,0.060,1.000
218.0,7.989,12.563,2.680,NAVIGATING,0.800,95.72,0,36.19,114.5,217.5,T-0002,,NORMAL,8.057,12.574,0.068,1.000
219.0,6.945,13.093,2.670,NAVIGATING,0.484,95.64,0,37.34,116.0,219.0,T-0002,,NORMAL,7.031,13.089,0.086,1.000
220.0,6.782,13.174,2.695,NAVIGATING,0.400,95.62,0,37.55,116.5,219.5,T-0002,,NORMAL,6.845,13.181,0.064,1.000
221.0,6.439,13.335,2.698,NAVIGATING,0.400,95.59,0,37.95,117.5,220.5,T-0002,,NORMAL,6.485,13.356,0.051,1.000
222.0,6.072,13.506,2.690,NAVIGATING,0.400,95.54,0,38.35,118.5,221.5,T-0002,,NORMAL,6.128,13.537,0.064,1.000
223.0,5.728,13.681,2.655,NAVIGATING,0.400,95.52,0,38.75,119.5,222.5,T-0002,,NORMAL,5.774,13.725,0.064,1.000
224.0,5.373,13.874,2.638,NAVIGATING,0.400,95.47,0,39.15,120.5,223.5,T-0002,,NORMAL,5.425,13.922,0.071,1.000
225.0,5.025,14.062,2.662,NAVIGATING,0.400,95.45,0,39.55,121.5,224.5,T-0002,,NORMAL,5.074,14.113,0.071,1.000
226.0,4.685,14.247,2.623,NAVIGATING,0.400,95.42,0,39.95,122.5,225.5,T-0002,,NORMAL,4.725,14.309,0.074,1.000
227.0,4.335,14.448,2.609,NAVIGATING,0.400,95.38,0,40.35,123.5,226.5,T-0002,,NORMAL,4.379,14.511,0.077,1.000
228.0,3.994,14.654,2.597,NAVIGATING,0.400,95.35,0,40.75,124.5,227.5,T-0002,,NORMAL,4.039,14.720,0.080,1.000
229.0,3.647,14.866,2.594,NAVIGATING,0.400,95.31,0,41.15,125.5,228.5,T-0002,,NORMAL,3.698,14.931,0.083,1.000
230.0,3.317,15.076,2.577,NAVIGATING,0.400,95.28,0,41.55,126.5,229.5,T-0002,,NORMAL,3.357,15.143,0.078,1.000
231.0,2.974,15.299,2.565,NAVIGATING,0.400,95.24,0,41.95,127.5,230.5,T-0002,,NORMAL,3.020,15.359,0.075,1.000
232.0,2.640,15.522,2.536,NAVIGATING,0.400,95.21,0,42.35,128.5,231.5,T-0002,,NORMAL,2.687,15.583,0.076,1.000
233.0,2.374,15.713,2.517,NAVIGATING,0.249,95.18,0,42.68,129.5,232.5,T-0002,,NORMAL,2.420,15.771,0.074,1.000
234.0,2.222,15.825,2.494,NAVIGATING,0.152,95.15,0,42.87,130.5,233.5,T-0002,,NORMAL,2.264,15.885,0.074,1.000
235.0,2.131,15.895,2.472,NAVIGATING,0.086,95.13,0,42.99,131.5,234.5,T-0002,,NORMAL,2.172,15.955,0.073,1.000
236.0,2.071,15.940,2.444,NAVIGATING,-0.000,95.11,0,43.06,132.5,235.5,T-0002,,NORMAL,2.117,15.999,0.074,1.000
237.0,2.069,15.938,1.952,NAVIGATING,0.000,95.08,0,43.06,133.5,236.5,T-0002,,NORMAL,2.117,15.999,0.078,1.000
238.0,2.067,15.942,1.489,PICKING,0.000,95.07,0,43.06,134.5,237.5,T-0002,,NORMAL,2.117,15.999,0.075,1.000
239.0,2.066,15.938,1.452,PICKING,0.000,95.05,0,43.06,135.5,238.5,T-0002,,NORMAL,2.117,15.999,0.079,1.000
240.0,2.066,15.938,1.452,PICKING,0.000,95.03,0,43.06,137.0,240.0,T-0002,UCO-0002,NORMAL,2.117,15.999,0.079,1.000
241.0,2.066,15.938,1.452,NAVIGATING,0.000,95.02,0,43.06,137.5,240.5,T-0002,UCO-0002,NORMAL,2.117,15.999,0.079,1.000
242.0,2.065,15.946,0.890,NAVIGATING,0.000,95.00,0,43.06,138.5,241.5,T-0002,UCO-0002,NORMAL,2.117,15.999,0.074,1.000
243.0,2.068,15.981,0.097,NAVIGATING,0.000,94.97,0,43.06,139.5,242.5,T-0002,UCO-0002,NORMAL,2.117,15.999,0.052,1.000
244.0,2.251,15.944,-0.407,NAVIGATING,0.400,94.93,0,43.25,140.5,243.5,T-0002,UCO-0002,ALARM,2.303,15.935,0.054,1.000
245.0,2.251,15.944,-0.407,PAUSED,0.000,94.89,0,43.47,141.5,244.5,T-0002,UCO-0002,ALARM,2.492,15.848,0.260,1.000
246.0,2.251,15.944,-0.407,PAUSED,0.000,94.88,0,43.47,142.5,245.5,T-0002,UCO-0002,ALARM,2.492,15.848,0.260,1.000
247.0,2.251,15.944,-0.407,PAUSED,0.000,94.86,0,43.47,143.5,246.5,T-0002,UCO-0002,ALARM,2.492,15.848,0.260,1.000
248.0,2.251,15.944,-0.407,PAUSED,0.000,94.85,0,43.47,144.5,247.5,T-0002,UCO-0002,ALARM,2.492,15.848,0.260,1.000
249.0,2.251,15.944,-0.407,PAUSED,0.000,94.83,0,43.47,145.5,248.5,T-0002,UCO-0002,ALARM,2.492,15.848,0.260,1.000
250.0,2.251,15.944,-0.407,PAUSED,0.000,94.82,0,43.47,146.5,249.5,T-0002,UCO-0002,ALARM,2.492,15.848,0.260,1.000
251.0,2.251,15.944,-0.407,PAUSED,0.000,94.81,0,43.47,147.5,250.5,T-0002,UCO-0002,ALARM,2.492,15.848,0.260,1.000
252.0,2.477,15.837,-0.442,NAVIGATING,0.104,94.80,0,43.48,148.5,251.5,T-0002,UCO-0002,NORMAL,2.505,15.841,0.029,1.000
253.0,2.949,15.591,-0.486,NAVIGATING,0.400,94.74,0,44.01,150.0,253.0,T-0002,UCO-0002,NORMAL,2.979,15.603,0.033,1.000
254.0,3.139,15.489,-0.476,NAVIGATING,0.400,94.72,0,44.21,150.5,253.5,T-0002,UCO-0002,NORMAL,3.170,15.503,0.034,1.000
255.0,3.484,15.318,-0.485,NAVIGATING,0.400,94.68,0,44.61,151.5,254.5,T-0002,UCO-0002,NORMAL,3.514,15.330,0.032,1.000
256.0,3.842,15.121,-0.515,NAVIGATING,0.400,94.64,0,45.01,152.5,255.5,T-0002,UCO-0002,NORMAL,3.865,15.136,0.028,1.000
257.0,4.203,14.918,-0.517,NAVIGATING,0.400,94.59,0,45.41,153.5,256.5,T-0002,UCO-0002,NORMAL,4.215,14.940,0.025,1.000
258.0,4.735,14.617,-0.511,NAVIGATING,0.400,94.51,0,46.01,155.0,258.0,T-0002,UCO-0002,NORMAL,4.735,14.646,0.030,1.000
259.0,4.892,14.526,-0.517,NAVIGATING,0.400,94.51,0,46.21,155.5,258.5,T-0002,UCO-0002,NORMAL,4.913,14.547,0.030,1.000
260.0,5.222,14.331,-0.545,NAVIGATING,0.400,94.47,0,46.61,156.5,259.5,T-0002,UCO-0002,NORMAL,5.259,14.346,0.039,1.000
261.0,5.538,14.132,-0.521,NAVIGATING,0.400,94.41,0,47.01,157.5,260.5,T-0002,UCO-0002,NORMAL,5.604,14.144,0.067,1.000
262.0,5.887,13.939,-0.511,NAVIGATING,0.400,94.38,0,47.41,158.5,261.5,T-0002,UCO-0002,NORMAL,5.953,13.950,0.067,1.000
263.0,6.241,13.742,-0.554,NAVIGATING,0.400,94.34,0,47.81,159.5,262.5,T-0002,UCO-0002,NORMAL,6.298,13.747,0.057,1.000
264.0,6.556,13.546,-0.529,NAVIGATING,0.400,94.30,0,48.21,160.5,263.5,T-0002,UCO-0002,NORMAL,6.644,13.545,0.087,1.000
265.0,6.878,13.351,-0.560,NAVIGATING,0.400,94.26,0,48.61,161.5,264.5,T-0002,UCO-0002,NORMAL,6.987,13.340,0.110,1.000
266.0,7.235,13.133,-0.549,NAVIGATING,0.400,94.22,0,49.01,162.5,265.5,T-0002,UCO-0002,NORMAL,7.325,13.125,0.090,1.000
267.0,7.582,12.929,-0.539,NAVIGATING,0.474,94.17,0,49.42,163.5,266.5,T-0002,UCO-0002,NORMAL,7.674,12.917,0.092,1.000
268.0,8.178,12.554,-0.577,NAVIGATING,0.800,94.11,0,50.14,164.5,267.5,T-0002,UCO-0002,NORMAL,8.287,12.533,0.111,1.000
269.0,8.851,12.107,-0.591,NAVIGATING,0.800,94.04,0,50.94,165.5,268.5,T-0002,UCO-0002,NORMAL,8.955,12.093,0.105,1.000
270.0,9.524,11.656,-0.603,NAVIGATING,0.800,93.98,0,51.74,166.5,269.5,T-0002,UCO-0002,NORMAL,9.619,11.646,0.095,1.000
271.0,10.197,11.193,-0.601,NAVIGATING,0.800,93.91,0,52.54,167.5,270.5,T-0002,UCO-0002,NORMAL,10.281,11.197,0.084,1.000
272.0,10.893,10.733,-0.621,NAVIGATING,0.800,93.84,0,53.34,168.5,271.5,T-0002,UCO-0002,NORMAL,10.941,10.743,0.049,1.000
273.0,11.566,10.263,-0.620,NAVIGATING,0.800,93.77,0,54.14,169.5,272.5,T-0002,UCO-0002,NORMAL,11.596,10.283,0.036,1.000
274.0,12.485,9.604,-0.648,NAVIGATING,0.553,93.67,0,55.26,171.0,274.0,T-0002,UCO-0002,NORMAL,12.498,9.635,0.033,1.000
275.0,12.650,9.473,-0.660,NAVIGATING,0.383,93.64,0,55.49,171.5,274.5,T-0002,UCO-0002,NORMAL,12.683,9.494,0.039,1.000
276.0,12.856,9.314,-0.668,NAVIGATING,0.152,93.60,0,55.73,172.5,275.5,T-0002,UCO-0002,NORMAL,12.872,9.347,0.037,1.000
277.0,12.933,9.255,-0.691,NAVIGATING,0.000,93.57,0,55.82,173.5,276.5,T-0002,UCO-0002,NORMAL,12.941,9.293,0.039,1.000
278.0,12.940,9.253,-1.352,NAVIGATING,0.000,93.55,0,55.82,174.5,277.5,T-0002,UCO-0002,NORMAL,12.941,9.293,0.040,1.000
279.0,12.938,9.236,-1.703,DROPPING,0.000,93.53,0,55.82,175.5,278.5,T-0002,UCO-0002,NORMAL,12.941,9.293,0.057,1.000
280.0,12.938,9.236,-1.703,DROPPING,0.000,93.50,0,55.82,176.5,279.5,T-0002,,NORMAL,12.941,9.293,0.057,0.842
281.0,12.938,9.236,-1.703,DROPPING,0.000,93.50,0,55.82,177.5,280.5,T-0002,,NORMAL,12.941,9.293,0.057,1.000
282.0,12.938,9.236,-1.703,IDLE,0.000,93.48,0,55.82,177.5,281.5,,,NORMAL,12.941,9.293,0.057,1.000
283.0,12.938,9.236,-1.703,IDLE,0.000,93.46,0,55.82,177.5,282.5,,,NORMAL,12.941,9.293,0.057,1.000
284.0,12.938,9.236,-1.703,IDLE,0.000,93.46,0,55.82,177.5,283.5,,,NORMAL,12.941,9.293,0.057,1.000
285.0,12.938,9.236,-1.703,IDLE,0.000,93.44,0,55.82,177.5,284.5,,,NORMAL,12.941,9.293,0.057,1.000
286.0,12.938,9.236,-1.703,IDLE,0.000,93.43,0,55.82,177.5,285.5,,,NORMAL,12.941,9.293,0.057,1.000
287.0,12.938,9.236,-1.703,IDLE,0.000,93.41,0,55.82,177.5,286.5,,,NORMAL,12.941,9.293,0.057,1.000
288.0,12.938,9.236,-1.703,IDLE,0.000,93.40,0,55.82,177.5,287.5,,,NORMAL,12.941,9.293,0.057,1.000
289.0,12.938,9.236,-1.703,IDLE,0.000,93.39,0,55.82,177.5,288.5,,,NORMAL,12.941,9.293,0.057,1.000
290.0,12.938,9.236,-1.703,IDLE,0.000,93.37,0,55.82,177.5,289.5,,,NORMAL,12.941,9.293,0.057,1.000
291.0,12.938,9.236,-1.703,IDLE,0.000,93.35,0,55.82,177.5,290.5,,,NORMAL,12.941,9.293,0.057,1.000
292.0,12.938,9.236,-1.703,IDLE,0.000,93.34,0,55.82,177.5,291.5,,,NORMAL,12.941,9.293,0.057,1.000
293.0,12.938,9.236,-1.703,IDLE,0.000,93.33,0,55.82,177.5,292.5,,,NORMAL,12.941,9.293,0.057,1.000
294.0,12.938,9.236,-1.703,IDLE,0.000,93.32,0,55.82,177.5,293.5,,,NORMAL,12.941,9.293,0.057,1.000
295.0,12.938,9.236,-1.703,IDLE,0.000,93.30,0,55.82,177.5,294.5,,,NORMAL,12.941,9.293,0.057,1.000
296.0,12.938,9.236,-1.703,IDLE,0.000,93.29,0,55.82,177.5,295.5,,,NORMAL,12.941,9.293,0.057,1.000
297.0,12.938,9.236,-1.703,IDLE,0.000,93.28,0,55.82,177.5,296.5,,,NORMAL,12.941,9.293,0.057,1.000
298.0,12.938,9.236,-1.703,IDLE,0.000,93.26,0,55.82,177.5,297.5,,,NORMAL,12.941,9.293,0.057,1.000
299.0,12.938,9.236,-1.703,IDLE,0.000,93.25,0,55.82,177.5,298.5,,,NORMAL,12.941,9.293,0.057,1.000
300.0,12.938,9.236,-1.703,IDLE,0.000,93.23,0,55.82,177.5,299.5,,,NORMAL,12.941,9.293,0.057,1.000
301.0,12.938,9.236,-1.703,IDLE,0.000,93.22,0,55.82,177.5,300.5,,,NORMAL,12.941,9.293,0.057,1.000
302.0,12.938,9.236,-1.822,NAVIGATING,0.000,93.21,0,55.82,178.0,301.5,T-0003,,NORMAL,12.941,9.293,0.057,1.000
303.0,12.908,9.233,-2.571,NAVIGATING,0.000,93.17,0,55.82,179.0,302.5,T-0003,,NORMAL,12.941,9.293,0.068,1.000
304.0,12.821,9.211,2.937,NAVIGATING,0.222,93.13,0,55.86,180.0,303.5,T-0003,,NORMAL,12.898,9.298,0.116,1.000
305.0,12.378,9.439,2.614,NAVIGATING,0.600,93.11,0,56.35,181.0,304.5,T-0003,,NORMAL,12.445,9.521,0.106,1.000
306.0,11.789,9.802,2.625,NAVIGATING,0.800,93.06,0,57.02,182.0,305.5,T-0003,,NORMAL,11.858,9.851,0.085,1.000
307.0,11.097,10.206,2.608,NAVIGATING,0.800,93.01,0,57.82,183.0,306.5,T-0003,,NORMAL,11.163,10.246,0.077,1.000
308.0,10.403,10.619,2.598,NAVIGATING,0.800,92.95,0,58.62,184.0,307.5,T-0003,,NORMAL,10.472,10.653,0.077,1.000
309.0,9.709,11.044,2.588,NAVIGATING,0.800,92.87,0,59.42,185.0,308.5,T-0003,,NORMAL,9.785,11.067,0.079,1.000
310.0,9.043,11.461,2.587,NAVIGATING,0.800,92.84,0,60.22,186.0,309.5,T-0003,,NORMAL,9.102,11.482,0.063,1.000
311.0,8.322,11.888,2.595,NAVIGATING,0.800,92.79,0,61.02,187.0,310.5,T-0003,,NORMAL,8.416,11.894,0.094,1.000
312.0,7.663,12.296,2.586,NAVIGATING,0.800,92.71,0,61.82,188.0,311.5,T-0003,,NORMAL,7.734,12.312,0.072,1.000
313.0,6.973,12.728,2.582,NAVIGATING,0.800,92.68,0,62.62,189.0,312.5,T-0003,,NORMAL,7.053,12.732,0.080,1.000
314.0,6.337,13.113,2.579,NAVIGATING,0.631,92.62,0,63.41,190.0,313.5,T-0003,,NORMAL,6.395,13.149,0.068,1.000
315.0,5.984,13.321,2.599,NAVIGATING,0.400,92.57,0,63.83,191.0,314.5,T-0003,,NORMAL,6.044,13.373,0.080,1.000
316.0,5.656,13.524,2.592,NAVIGATING,0.400,92.55,0,64.23,192.0,315.5,T-0003,,NORMAL,5.705,13.585,0.078,1.000
317.0,5.332,13.719,2.605,NAVIGATING,0.400,92.51,0,64.63,193.0,316.5,T-0003,,NORMAL,5.377,13.788,0.083,1.000
318.0,4.980,13.935,2.584,NAVIGATING,0.400,92.48,0,65.03,194.0,317.5,T-0003,,NORMAL,5.036,13.999,0.085,1.000
319.0,4.647,14.143,2.571,NAVIGATING,0.400,92.43,0,65.43,195.0,318.5,T-0003,,NORMAL,4.700,14.217,0.092,1.000
320.0,4.307,14.366,2.572,NAVIGATING,0.400,92.41,0,65.83,196.0,319.5,T-0003,,NORMAL,4.366,14.437,0.092,1.000
321.0,3.808,14.698,2.556,NAVIGATING,0.400,92.36,0,66.43,197.5,321.0,T-0003,,NORMAL,3.867,14.767,0.090,1.000
322.0,3.646,14.803,2.562,NAVIGATING,0.400,92.34,0,66.63,198.0,321.5,T-0003,,NORMAL,3.699,14.879,0.093,1.000
323.0,3.301,15.030,2.562,NAVIGATING,0.400,92.31,0,67.03,199.0,322.5,T-0003,,NORMAL,3.366,15.101,0.096,1.000
324.0,2.979,15.255,2.529,NAVIGATING,0.400,92.27,0,67.43,200.0,323.5,T-0003,,NORMAL,3.036,15.327,0.092,1.000
325.0,2.656,15.485,2.518,NAVIGATING,0.400,92.24,0,67.83,201.0,324.5,T-0003,,NORMAL,2.712,15.560,0.094,1.000
326.0,2.390,15.692,2.492,NAVIGATING,0.267,92.20,0,68.17,202.0,325.5,T-0003,,NORMAL,2.439,15.764,0.087,1.000
327.0,2.227,15.821,2.480,NAVIGATING,0.153,92.18,0,68.37,203.0,326.5,T-0003,,NORMAL,2.277,15.888,0.084,1.000
328.0,2.133,15.897,2.471,NAVIGATING,0.092,92.16,0,68.49,204.0,327.5,T-0003,,NORMAL,2.184,15.961,0.082,1.000
329.0,2.072,15.945,2.472,NAVIGATING,0.000,92.13,0,68.56,205.0,328.5,T-0003,,NORMAL,2.127,16.006,0.082,1.000
330.0,2.074,15.947,1.966,NAVIGATING,0.000,92.12,0,68.56,206.0,329.5,T-0003,,NORMAL,2.127,16.006,0.079,1.000
331.0,2.075,15.950,1.518,PICKING,0.000,92.10,0,68.56,207.0,330.5,T-0003,,NORMAL,2.127,16.006,0.076,1.000
332.0,2.071,15.959,1.442,PICKING,0.000,92.08,0,68.56,208.0,331.5,T-0003,,NORMAL,2.127,16.006,0.073,1.000
333.0,2.071,15.959,1.442,PICKING,0.000,92.06,0,68.56,209.0,332.5,T-0003,UCO-0003,NORMAL,2.127,16.006,0.073,1.000
334.0,2.071,15.959,1.442,PICKING,0.000,92.05,0,68.56,210.0,333.5,T-0003,UCO-0003,NORMAL,2.127,16.006,0.073,1.000
335.0,2.066,15.966,1.018,NAVIGATING,0.000,92.03,0,68.56,211.0,334.5,T-0003,UCO-0003,NORMAL,2.127,16.006,0.072,1.000
336.0,2.070,16.011,0.230,NAVIGATING,0.000,92.00,0,68.56,212.0,335.5,T-0003,UCO-0003,NORMAL,2.127,16.006,0.057,1.000
337.0,2.285,15.989,-0.260,NAVIGATING,0.397,91.96,0,68.77,213.0,336.5,T-0003,UCO-0003,NORMAL,2.337,15.979,0.052,1.000
338.0,2.656,15.857,-0.373,NAVIGATING,0.400,91.91,0,69.17,214.0,337.5,T-0003,UCO-0003,WARNING,2.715,15.850,0.060,1.000
339.0,3.028,15.707,-0.360,NAVIGATING,0.400,91.87,0,69.57,215.0,338.5,T-0003,UCO-0003,NORMAL,3.089,15.708,0.060,1.000
340.0,3.404,15.572,-0.372,NAVIGATING,0.400,91.83,0,69.97,216.0,339.5,T-0003,UCO-0003,NORMAL,3.465,15.573,0.062,1.000
341.0,3.767,15.421,-0.405,NAVIGATING,0.400,91.79,0,70.37,217.0,340.5,T-0003,UCO-0003,NORMAL,3.836,15.423,0.069,0.939
342.0,4.011,15.312,-0.399,NAVIGATING,0.000,91.75,0,70.64,218.0,341.5,T-0003,UCO-0003,NORMAL,4.074,15.322,0.063,0.857
343.0,4.013,15.311,-0.398,NAVIGATING,0.000,91.72,0,70.64,219.5,343.0,T-0003,UCO-0003,WARNING,4.074,15.322,0.062,0.832
344.0,4.013,15.311,-0.398,NAVIGATING,0.000,91.72,0,70.64,220.0,343.5,T-0003,UCO-0003,WARNING,4.074,15.322,0.062,0.851
345.0,4.013,15.311,-0.398,NAVIGATING,0.000,91.70,0,70.64,221.0,344.5,T-0003,UCO-0003,WARNING,4.074,15.322,0.062,0.851
346.0,4.013,15.311,-0.398,NAVIGATING,0.000,91.69,0,70.64,222.0,345.5,T-0003,UCO-0003,WARNING,4.074,15.322,0.062,0.844
347.0,4.013,15.311,-0.398,NAVIGATING,0.000,91.68,0,70.64,223.0,346.5,T-0003,UCO-0003,WARNING,4.074,15.322,0.062,0.851
348.0,4.013,15.311,-0.398,NAVIGATING,0.000,91.66,0,70.64,224.0,347.5,T-0003,UCO-0003,WARNING,4.074,15.322,0.062,0.844
349.0,4.013,15.311,-0.398,NAVIGATING,0.000,91.65,0,70.64,225.0,348.5,T-0003,UCO-0003,WARNING,4.074,15.322,0.062,0.838
350.0,4.013,15.311,-0.398,NAVIGATING,0.000,91.63,0,70.64,226.0,349.5,T-0003,UCO-0003,WARNING,4.074,15.322,0.062,0.838
351.0,4.013,15.311,-0.398,NAVIGATING,0.000,91.62,0,70.64,227.0,350.5,T-0003,UCO-0003,WARNING,4.074,15.322,0.062,0.838
352.0,4.013,15.311,-0.398,NAVIGATING,0.000,91.61,0,70.64,228.0,351.5,T-0003,UCO-0003,WARNING,4.074,15.322,0.062,0.844
353.0,4.013,15.311,-0.398,NAVIGATING,0.000,91.59,0,70.64,229.0,352.5,T-0003,UCO-0003,WARNING,4.074,15.322,0.062,0.832
354.0,4.013,15.311,-0.398,NAVIGATING,0.000,91.57,0,70.64,230.0,353.5,T-0003,UCO-0003,WARNING,4.074,15.322,0.062,0.826
355.0,4.013,15.311,-0.398,NAVIGATING,0.000,91.56,0,70.64,231.0,354.5,T-0003,UCO-0003,WARNING,4.074,15.322,0.062,0.844
356.0,4.013,15.311,-0.398,NAVIGATING,0.000,91.54,0,70.64,232.0,355.5,T-0003,UCO-0003,WARNING,4.074,15.322,0.062,0.838
357.0,4.013,15.311,-0.468,NAVIGATING,0.000,91.54,0,70.64,233.0,356.5,T-0003,UCO-0003,WARNING,4.074,15.322,0.062,1.000
358.0,4.061,15.240,-1.048,NAVIGATING,0.225,91.51,0,70.72,234.0,357.5,T-0003,UCO-0003,WARNING,4.122,15.251,0.061,1.000
359.0,4.179,15.087,-0.703,NAVIGATING,0.039,91.47,0,70.89,235.0,358.5,T-0003,UCO-0003,NORMAL,4.219,15.108,0.045,1.000
360.0,4.419,14.971,-0.335,NAVIGATING,0.400,91.44,0,71.15,236.0,359.5,T-0003,UCO-0003,NORMAL,4.459,14.996,0.047,1.000
361.0,4.775,14.840,-0.368,NAVIGATING,0.400,91.39,0,71.55,237.0,360.5,T-0003,UCO-0003,NORMAL,4.835,14.858,0.063,1.000
362.0,5.122,14.700,-0.366,NAVIGATING,0.400,91.35,0,71.95,238.0,361.5,T-0003,UCO-0003,NORMAL,5.208,14.713,0.087,1.000
363.0,5.509,14.556,-0.375,NAVIGATING,0.400,91.31,0,72.35,239.0,362.5,T-0003,UCO-0003,NORMAL,5.583,14.571,0.075,1.000
364.0,5.891,14.410,-0.374,NAVIGATING,0.400,91.27,0,72.75,240.0,363.5,T-0003,UCO-0003,NORMAL,5.958,14.425,0.069,1.000
365.0,6.243,14.269,-0.417,NAVIGATING,0.400,91.20,0,73.15,241.0,364.5,T-0003,UCO-0003,NORMAL,6.330,14.272,0.087,1.000
366.0,6.587,14.110,-0.440,NAVIGATING,0.400,91.18,0,73.55,242.0,365.5,T-0003,UCO-0003,NORMAL,6.693,14.106,0.106,1.000
367.0,6.962,13.935,-0.468,NAVIGATING,0.400,91.14,0,73.95,243.0,366.5,T-0003,UCO-0003,NORMAL,7.053,13.932,0.092,1.000
368.0,7.314,13.764,-0.452,NAVIGATING,0.400,91.10,0,74.35,244.0,367.5,T-0003,UCO-0003,NORMAL,7.413,13.756,0.099,1.000
369.0,7.675,13.589,-0.457,NAVIGATING,0.400,91.06,0,74.75,245.0,368.5,T-0003,UCO-0003,NORMAL,7.772,13.579,0.098,1.000
370.0,8.202,13.326,-0.482,NAVIGATING,0.400,90.99,0,75.35,246.5,370.0,T-0003,UCO-0003,NORMAL,8.297,13.318,0.096,1.000
371.0,8.396,13.223,-0.481,NAVIGATING,0.400,90.97,0,75.55,247.0,370.5,T-0003,UCO-0003,NORMAL,8.488,13.219,0.092,1.000
372.0,8.928,12.937,-0.510,NAVIGATING,0.538,90.91,0,76.17,248.5,372.0,T-0003,UCO-0003,NORMAL,9.019,12.938,0.090,1.000
373.0,9.247,12.756,-0.523,NAVIGATING,0.800,90.88,0,76.52,249.0,372.5,T-0003,UCO-0003,NORMAL,9.353,12.751,0.106,1.000
374.0,9.949,12.344,-0.550,NAVIGATING,0.800,90.78,0,77.32,250.0,373.5,T-0003,UCO-0003,NORMAL,10.043,12.346,0.093,1.000
375.0,10.603,11.937,-0.588,NAVIGATING,0.800,90.74,0,78.12,251.0,374.5,T-0003,UCO-0003,NORMAL,10.695,11.937,0.091,1.000
376.0,11.287,11.487,-0.562,NAVIGATING,0.800,90.67,0,78.84,252.0,375.5,T-0003,UCO-0003,NORMAL,11.359,11.492,0.072,1.000
377.0,12.000,11.116,-0.399,NAVIGATING,0.800,90.60,0,79.72,253.0,376.5,T-0003,UCO-0003,NORMAL,12.073,11.123,0.074,1.000
378.0,12.670,10.881,-0.288,NAVIGATING,0.600,90.51,0,80.41,254.0,377.5,T-0003,UCO-0003,NORMAL,12.723,10.895,0.054,1.000
379.0,13.236,10.744,-0.217,NAVIGATING,0.600,90.48,0,81.01,255.0,378.5,T-0003,UCO-0003,NORMAL,13.305,10.751,0.069,1.000
380.0,13.803,10.621,-0.219,NAVIGATING,0.600,90.42,0,81.61,256.0,379.5,T-0003,UCO-0003,NORMAL,13.892,10.626,0.089,1.000
381.0,14.260,10.506,-0.280,NAVIGATING,0.309,90.37,0,82.07,257.0,380.5,T-0003,UCO-0003,NORMAL,14.336,10.514,0.077,1.000
382.0,14.443,10.451,-0.313,NAVIGATING,0.131,90.33,0,82.27,258.0,381.5,T-0003,UCO-0003,NORMAL,14.525,10.458,0.082,1.000
383.0,14.515,10.427,-0.261,NAVIGATING,-0.000,90.32,0,82.35,259.0,382.5,T-0003,UCO-0003,NORMAL,14.597,10.436,0.082,1.000
384.0,14.509,10.429,0.429,NAVIGATING,-0.000,90.29,0,82.35,260.0,383.5,T-0003,UCO-0003,NORMAL,14.597,10.436,0.088,1.000
385.0,14.498,10.436,1.099,NAVIGATING,0.000,90.26,0,82.35,261.0,384.5,T-0003,UCO-0003,NORMAL,14.597,10.436,0.099,1.000
386.0,14.511,10.447,0.786,NAVIGATING,0.000,90.24,0,82.35,262.0,385.5,T-0003,UCO-0003,NORMAL,14.597,10.436,0.087,1.000
387.0,14.510,10.454,-0.003,NAVIGATING,-0.000,90.20,0,82.35,263.0,386.5,T-0003,UCO-0003,NORMAL,14.597,10.436,0.089,1.000
388.0,14.527,10.453,-0.429,NAVIGATING,0.000,90.17,0,82.37,264.0,387.5,T-0003,UCO-0003,NORMAL,14.621,10.431,0.097,1.000
389.0,14.532,10.451,0.150,NAVIGATING,-0.000,90.13,0,82.37,265.0,388.5,T-0003,UCO-0003,NORMAL,14.621,10.431,0.091,1.000
390.0,14.518,10.453,0.975,NAVIGATING,-0.000,90.12,0,82.37,266.0,389.5,T-0003,UCO-0003,NORMAL,14.621,10.431,0.106,1.000
391.0,14.510,10.457,1.676,DROPPING,0.000,90.08,0,82.37,267.0,390.5,T-0003,UCO-0003,NORMAL,14.621,10.431,0.113,1.000
392.0,14.502,10.454,1.706,DROPPING,0.000,90.06,0,82.37,268.0,391.5,T-0003,UCO-0003,NORMAL,14.621,10.431,0.121,0.824
393.0,14.502,10.454,1.706,DROPPING,0.000,90.05,0,82.37,269.0,392.5,T-0003,,NORMAL,14.621,10.431,0.121,0.824
394.0,14.502,10.454,1.706,IDLE,0.000,90.04,0,82.37,269.5,393.5,,,NORMAL,14.621,10.431,0.121,1.000
395.0,14.502,10.454,1.706,IDLE,0.000,90.02,0,82.37,269.5,394.5,,,NORMAL,14.621,10.431,0.121,1.000
396.0,14.502,10.454,1.706,IDLE,0.000,90.01,0,82.37,269.5,395.5,,,NORMAL,14.621,10.431,0.121,1.000
397.0,14.502,10.454,1.706,IDLE,0.000,90.00,0,82.37,269.5,396.5,,,NORMAL,14.621,10.431,0.121,1.000
398.0,14.502,10.454,1.706,IDLE,0.000,89.98,0,82.37,269.5,397.5,,,NORMAL,14.621,10.431,0.121,1.000
399.0,14.502,10.454,1.706,IDLE,0.000,89.97,0,82.37,269.5,398.5,,,NORMAL,14.621,10.431,0.121,1.000
400.0,14.502,10.454,1.706,IDLE,0.000,89.95,0,82.37,269.5,399.5,,,NORMAL,14.621,10.431,0.121,1.000
401.0,14.502,10.454,1.706,IDLE,0.000,89.94,0,82.37,269.5,400.5,,,NORMAL,14.621,10.431,0.121,1.000
402.0,14.502,10.454,1.706,IDLE,0.000,89.92,0,82.37,269.5,401.5,,,NORMAL,14.621,10.431,0.121,1.000
403.0,14.502,10.454,1.706,IDLE,0.000,89.91,0,82.37,269.5,402.5,,,NORMAL,14.621,10.431,0.121,1.000
404.0,14.502,10.454,1.706,IDLE,0.000,89.90,0,82.37,269.5,403.5,,,NORMAL,14.621,10.431,0.121,1.000
405.0,14.502,10.454,1.706,IDLE,0.000,89.88,0,82.37,269.5,404.5,,,NORMAL,14.621,10.431,0.121,1.000
406.0,14.502,10.454,1.706,IDLE,0.000,89.87,0,82.37,269.5,405.5,,,NORMAL,14.621,10.431,0.121,1.000
407.0,14.502,10.454,1.706,IDLE,0.000,89.86,0,82.37,269.5,406.5,,,NORMAL,14.621,10.431,0.121,1.000
408.0,14.502,10.454,1.706,IDLE,0.000,89.84,0,82.37,269.5,407.5,,,NORMAL,14.621,10.431,0.121,1.000
409.0,14.502,10.454,1.706,IDLE,0.000,89.82,0,82.37,269.5,408.5,,,NORMAL,14.621,10.431,0.121,1.000
410.0,14.502,10.454,1.706,IDLE,0.000,89.81,0,82.37,269.5,409.5,,,NORMAL,14.621,10.431,0.121,1.000
411.0,14.502,10.454,1.706,IDLE,0.000,89.80,0,82.37,269.5,410.5,,,NORMAL,14.621,10.431,0.121,1.000
412.0,14.502,10.454,1.706,IDLE,0.000,89.79,0,82.37,269.5,411.5,,,NORMAL,14.621,10.431,0.121,1.000
413.0,14.502,10.454,1.706,IDLE,0.000,89.77,0,82.37,269.5,412.5,,,NORMAL,14.621,10.431,0.121,1.000
414.0,14.502,10.454,1.706,IDLE,0.000,89.75,0,82.37,269.5,413.5,,,NORMAL,14.621,10.431,0.121,1.000
415.0,14.502,10.454,1.808,NAVIGATING,0.000,89.73,0,82.37,270.0,414.5,T-0004,,NORMAL,14.621,10.431,0.121,1.000
416.0,14.504,10.441,2.010,NAVIGATING,0.000,89.73,0,82.37,271.0,415.5,T-0004,,NORMAL,14.621,10.431,0.117,1.000
417.0,14.509,10.439,2.135,NAVIGATING,0.000,89.71,0,82.37,272.0,416.5,T-0004,,NORMAL,14.621,10.431,0.112,1.000
418.0,14.505,10.435,2.568,NAVIGATING,0.077,89.69,0,82.37,273.0,417.5,T-0004,,NORMAL,14.614,10.435,0.110,1.000
419.0,14.130,10.507,2.989,NAVIGATING,0.600,89.65,0,82.76,274.0,418.5,T-0004,,WARNING,14.225,10.526,0.096,1.000
420.0,13.925,10.519,3.095,GOING_TO_CHARGE,0.000,17.96,0,83.00,274.5,419.5,,,WARNING,14.008,10.560,0.093,1.000
421.0,13.634,10.396,-2.602,GOING_TO_CHARGE,0.600,17.93,0,83.32,275.5,420.5,,,WARNING,13.701,10.434,0.077,1.000
422.0,13.118,10.039,-2.500,GOING_TO_CHARGE,0.600,17.88,0,83.92,276.5,421.5,,,WARNING,13.215,10.083,0.106,1.000
423.0,12.613,9.656,-2.480,GOING_TO_CHARGE,0.600,17.84,0,84.52,277.5,422.5,,,WARNING,12.740,9.716,0.141,1.000
424.0,12.150,9.286,-2.484,GOING_TO_CHARGE,0.610,17.79,0,85.12,278.5,423.5,,,WARNING,12.280,9.357,0.148,1.000
425.0,11.549,8.833,-2.485,GOING_TO_CHARGE,0.800,17.74,0,85.89,279.5,424.5,,,WARNING,11.662,8.886,0.125,1.000
426.0,10.925,8.358,-2.484,GOING_TO_CHARGE,0.800,17.66,0,86.69,280.5,425.5,,,WARNING,11.026,8.401,0.110,1.000
427.0,10.291,7.862,-2.488,GOING_TO_CHARGE,0.800,17.63,0,87.49,281.5,426.5,,,WARNING,10.390,7.913,0.111,1.000
428.0,9.664,7.385,-2.491,GOING_TO_CHARGE,0.800,17.58,0,88.29,282.5,427.5,,,WARNING,9.753,7.429,0.099,1.000
429.0,9.014,6.900,-2.503,GOING_TO_CHARGE,0.800,17.52,0,89.09,283.5,428.5,,,WARNING,9.112,6.950,0.110,1.000
430.0,8.391,6.426,-2.500,GOING_TO_CHARGE,0.800,17.47,0,89.89,284.5,429.5,,,WARNING,8.467,6.476,0.091,1.000
431.0,7.768,5.971,-2.503,GOING_TO_CHARGE,0.800,17.41,0,90.69,285.5,430.5,,,WARNING,7.824,6.001,0.063,1.000
432.0,7.121,5.489,-2.505,GOING_TO_CHARGE,0.800,17.36,0,91.49,286.5,431.5,,,WARNING,7.180,5.523,0.068,1.000
433.0,6.490,5.034,-2.523,GOING_TO_CHARGE,0.800,17.30,0,92.29,287.5,432.5,,,WARNING,6.535,5.050,0.047,1.000
434.0,5.824,4.574,-2.560,GOING_TO_CHARGE,0.800,17.25,0,93.09,288.5,433.5,,,WARNING,5.875,4.595,0.055,1.000
435.0,5.167,4.148,-2.590,GOING_TO_CHARGE,0.800,17.19,0,93.89,289.5,434.5,,,WARNING,5.202,4.160,0.037,1.000
436.0,4.464,3.701,-2.543,GOING_TO_CHARGE,0.800,17.14,0,94.69,290.5,435.5,,,WARNING,4.524,3.732,0.068,1.000
437.0,3.916,3.148,-2.207,GOING_TO_CHARGE,0.800,17.08,0,95.49,291.5,436.5,,,WARNING,3.953,3.178,0.047,1.000
438.0,3.601,2.657,-2.068,GOING_TO_CHARGE,0.300,17.03,0,96.08,292.5,437.5,,,WARNING,3.628,2.697,0.048,1.000
439.0,3.473,2.384,-1.966,GOING_TO_CHARGE,0.300,16.99,0,96.38,293.5,438.5,,,WARNING,3.498,2.426,0.050,1.000
440.0,3.355,2.101,-1.979,GOING_TO_CHARGE,0.299,16.96,0,96.68,294.5,439.5,,,WARNING,3.379,2.151,0.056,1.000
441.0,3.258,1.881,-2.018,GOING_TO_CHARGE,0.185,16.94,0,96.92,295.5,440.5,,,WARNING,3.279,1.936,0.059,1.000
442.0,3.226,1.816,-2.038,GOING_TO_CHARGE,0.065,16.92,0,96.99,296.5,441.5,,,WARNING,3.245,1.871,0.059,1.000
443.0,3.198,1.761,-2.065,GOING_TO_CHARGE,0.057,16.90,0,97.05,297.5,442.5,,,WARNING,3.217,1.817,0.059,1.000
444.0,3.174,1.718,-2.087,GOING_TO_CHARGE,0.049,16.88,0,97.11,298.5,443.5,,,WARNING,3.191,1.772,0.057,1.000
445.0,3.150,1.675,-2.105,GOING_TO_CHARGE,0.042,16.87,0,97.15,299.5,444.5,,,WARNING,3.168,1.733,0.060,1.000
446.0,3.134,1.642,-2.118,GOING_TO_CHARGE,0.036,16.85,0,97.19,300.5,445.5,,,WARNING,3.149,1.700,0.060,1.000
447.0,3.116,1.613,-2.136,GOING_TO_CHARGE,0.032,16.82,0,97.22,301.5,446.5,,,WARNING,3.131,1.672,0.061,1.000
448.0,3.098,1.586,-2.153,GOING_TO_CHARGE,0.032,16.82,0,97.26,302.5,447.5,,,WARNING,3.113,1.646,0.062,1.000
449.0,3.071,1.543,-2.180,GOING_TO_CHARGE,0.032,16.79,0,97.30,304.0,449.0,,,WARNING,3.086,1.607,0.066,1.000
450.0,3.062,1.530,-2.193,GOING_TO_CHARGE,0.032,16.78,0,97.32,304.5,449.5,,,WARNING,3.077,1.593,0.065,1.000
451.0,3.060,1.527,-2.101,GOING_TO_CHARGE,0.000,16.77,0,97.32,305.5,450.5,,,WARNING,3.075,1.591,0.066,1.000
452.0,3.060,1.524,-1.924,GOING_TO_CHARGE,0.000,16.74,0,97.32,307.0,452.0,,,WARNING,3.075,1.591,0.069,1.000
453.0,3.060,1.524,-1.860,GOING_TO_CHARGE,-0.000,16.74,0,97.32,307.5,452.5,,,WARNING,3.075,1.591,0.069,1.000
454.0,3.061,1.525,-1.738,GOING_TO_CHARGE,-0.000,16.72,0,97.32,308.5,453.5,,,WARNING,3.075,1.591,0.067,1.000
455.0,3.063,1.526,-1.664,IDLE,0.000,16.99,1,97.32,309.0,454.5,,,WARNING,3.075,1.591,0.066,1.000
456.0,3.063,1.526,-1.664,CHARGING,0.000,17.25,1,97.32,309.0,455.5,,,WARNING,3.075,1.591,0.066,1.000
457.0,3.063,1.526,-1.664,CHARGING,0.000,17.79,1,97.32,309.0,456.5,,,WARNING,3.075,1.591,0.066,1.000
458.0,3.063,1.526,-1.664,CHARGING,0.000,18.33,1,97.32,309.0,457.5,,,WARNING,3.075,1.591,0.066,1.000
459.0,3.063,1.526,-1.664,CHARGING,0.000,19.16,1,97.32,309.0,458.5,,,WARNING,3.075,1.591,0.066,1.000
460.0,3.063,1.526,-1.664,CHARGING,0.000,19.42,1,97.32,309.0,459.5,,,WARNING,3.075,1.591,0.066,1.000
461.0,3.063,1.526,-1.664,CHARGING,0.000,20.24,1,97.32,309.0,460.5,,,WARNING,3.075,1.591,0.066,1.000
462.0,3.063,1.526,-1.664,CHARGING,0.000,20.50,1,97.32,309.0,461.5,,,WARNING,3.075,1.591,0.066,1.000
463.0,3.063,1.526,-1.664,CHARGING,0.000,21.04,1,97.32,309.0,462.5,,,WARNING,3.075,1.591,0.066,1.000
464.0,3.063,1.526,-1.664,CHARGING,0.000,21.86,1,97.32,309.0,463.5,,,WARNING,3.075,1.591,0.066,1.000
465.0,3.063,1.526,-1.664,CHARGING,0.000,22.41,1,97.32,309.0,465.0,,,WARNING,3.075,1.591,0.066,1.000
466.0,3.063,1.526,-1.664,CHARGING,0.000,22.67,1,97.32,309.0,465.5,,,WARNING,3.075,1.591,0.066,1.000
467.0,3.063,1.526,-1.664,CHARGING,0.000,23.49,1,97.32,309.0,466.5,,,WARNING,3.075,1.591,0.066,1.000
468.0,3.063,1.526,-1.664,CHARGING,0.000,23.75,1,97.32,309.0,467.5,,,WARNING,3.075,1.591,0.066,1.000
469.0,3.063,1.526,-1.664,CHARGING,0.000,24.57,1,97.32,309.0,468.5,,,WARNING,3.075,1.591,0.066,1.000
470.0,3.063,1.526,-1.664,CHARGING,0.000,24.83,1,97.32,309.0,469.5,,,NORMAL,3.075,1.591,0.066,1.000
471.0,3.063,1.526,-1.664,CHARGING,0.000,25.38,1,97.32,309.0,470.5,,,NORMAL,3.075,1.591,0.066,1.000
472.0,3.063,1.526,-1.664,CHARGING,0.000,25.92,1,97.32,309.0,471.5,,,NORMAL,3.075,1.591,0.066,1.000
473.0,3.063,1.526,-1.664,CHARGING,0.000,26.46,1,97.32,309.0,472.5,,,NORMAL,3.075,1.591,0.066,1.000
474.0,3.063,1.526,-1.664,CHARGING,0.000,27.00,1,97.32,309.0,473.5,,,NORMAL,3.075,1.591,0.066,1.000
475.0,3.063,1.526,-1.664,CHARGING,0.000,27.54,1,97.32,309.0,474.5,,,NORMAL,3.075,1.591,0.066,1.000
476.0,3.063,1.526,-1.664,CHARGING,0.000,28.09,1,97.32,309.0,475.5,,,NORMAL,3.075,1.591,0.066,1.000
477.0,3.063,1.526,-1.664,CHARGING,0.000,28.63,1,97.32,309.0,476.5,,,NORMAL,3.075,1.591,0.066,1.000
478.0,3.063,1.526,-1.664,CHARGING,0.000,29.17,1,97.32,309.0,477.5,,,NORMAL,3.075,1.591,0.066,1.000
479.0,3.063,1.526,-1.664,CHARGING,0.000,29.71,1,97.32,309.0,478.5,,,NORMAL,3.075,1.591,0.066,1.000
480.0,3.063,1.526,-1.664,CHARGING,0.000,30.25,1,97.32,309.0,479.5,,,NORMAL,3.075,1.591,0.066,1.000
481.0,3.063,1.526,-1.664,CHARGING,0.000,30.80,1,97.32,309.0,480.5,,,NORMAL,3.075,1.591,0.066,1.000
482.0,3.063,1.526,-1.664,CHARGING,0.000,31.34,1,97.32,309.0,481.5,,,NORMAL,3.075,1.591,0.066,1.000
483.0,3.063,1.526,-1.664,CHARGING,0.000,31.88,1,97.32,309.0,482.5,,,NORMAL,3.075,1.591,0.066,1.000
484.0,3.063,1.526,-1.664,CHARGING,0.000,32.68,1,97.32,309.0,483.5,,,NORMAL,3.075,1.591,0.066,1.000
485.0,3.063,1.526,-1.664,CHARGING,0.000,32.97,1,97.32,309.0,484.5,,,NORMAL,3.075,1.591,0.066,1.000
486.0,3.063,1.526,-1.664,CHARGING,0.000,33.51,1,97.32,309.0,485.5,,,NORMAL,3.075,1.591,0.066,1.000
487.0,3.063,1.526,-1.664,CHARGING,0.000,34.31,1,97.32,309.0,486.5,,,NORMAL,3.075,1.591,0.066,1.000
488.0,3.063,1.526,-1.664,CHARGING,0.000,34.59,1,97.32,309.0,487.5,,,NORMAL,3.075,1.591,0.066,1.000
489.0,3.063,1.526,-1.664,CHARGING,0.000,35.39,1,97.32,309.0,488.5,,,NORMAL,3.075,1.591,0.066,1.000
490.0,3.063,1.526,-1.664,CHARGING,0.000,35.67,1,97.32,309.0,489.5,,,NORMAL,3.075,1.591,0.066,1.000
491.0,3.063,1.526,-1.664,CHARGING,0.000,36.22,1,97.32,309.0,490.5,,,NORMAL,3.075,1.591,0.066,1.000
492.0,3.063,1.526,-1.664,CHARGING,0.000,37.02,1,97.32,309.0,492.0,,,NORMAL,3.075,1.591,0.066,1.000
493.0,3.063,1.526,-1.664,CHARGING,0.000,37.56,1,97.32,309.0,492.5,,,NORMAL,3.075,1.591,0.066,1.000
494.0,3.063,1.526,-1.664,CHARGING,0.000,38.10,1,97.32,309.0,493.5,,,NORMAL,3.075,1.591,0.066,1.000
495.0,3.063,1.526,-1.664,CHARGING,0.000,38.64,1,97.32,309.0,494.5,,,NORMAL,3.075,1.591,0.066,1.000
496.0,3.063,1.526,-1.664,CHARGING,0.000,39.19,1,97.32,309.0,496.0,,,NORMAL,3.075,1.591,0.066,1.000
497.0,3.063,1.526,-1.664,CHARGING,0.000,39.47,1,97.32,309.0,496.5,,,NORMAL,3.075,1.591,0.066,1.000
498.0,3.063,1.526,-1.664,CHARGING,0.000,40.27,1,97.32,309.0,497.5,,,NORMAL,3.075,1.591,0.066,1.000
499.0,3.063,1.526,-1.664,CHARGING,0.000,40.55,1,97.32,309.0,498.5,,,NORMAL,3.075,1.591,0.066,1.000
500.0,3.063,1.526,-1.664,CHARGING,0.000,41.09,1,97.32,309.0,499.5,,,NORMAL,3.075,1.591,0.066,1.000
501.0,3.063,1.526,-1.664,CHARGING,0.000,41.63,1,97.32,309.0,500.5,,,NORMAL,3.075,1.591,0.066,1.000
502.0,3.063,1.526,-1.664,CHARGING,0.000,42.18,1,97.32,309.0,501.5,,,NORMAL,3.075,1.591,0.066,1.000
503.0,3.063,1.526,-1.664,CHARGING,0.000,42.98,1,97.32,309.0,502.5,,,NORMAL,3.075,1.591,0.066,1.000
504.0,3.063,1.526,-1.664,CHARGING,0.000,43.26,1,97.32,309.0,503.5,,,NORMAL,3.075,1.591,0.066,1.000
505.0,3.063,1.526,-1.664,CHARGING,0.000,44.06,1,97.32,309.0,504.5,,,NORMAL,3.075,1.591,0.066,1.000
506.0,3.063,1.526,-1.664,CHARGING,0.000,44.60,1,97.32,309.0,505.5,,,NORMAL,3.075,1.591,0.066,1.000
507.0,3.063,1.526,-1.664,CHARGING,0.000,44.88,1,97.32,309.0,506.5,,,NORMAL,3.075,1.591,0.066,1.000
508.0,3.063,1.526,-1.664,CHARGING,0.000,45.43,1,97.32,309.0,507.5,,,NORMAL,3.075,1.591,0.066,1.000
509.0,3.063,1.526,-1.664,CHARGING,0.000,45.97,1,97.32,309.0,508.5,,,NORMAL,3.075,1.591,0.066,1.000
510.0,3.063,1.526,-1.664,CHARGING,0.000,46.77,1,97.32,309.0,510.0,,,NORMAL,3.075,1.591,0.066,1.000
511.0,3.063,1.526,-1.664,CHARGING,0.000,47.31,1,97.32,309.0,510.5,,,NORMAL,3.075,1.591,0.066,1.000
512.0,3.063,1.526,-1.664,CHARGING,0.000,47.85,1,97.32,309.0,511.5,,,NORMAL,3.075,1.591,0.066,1.000
513.0,3.063,1.526,-1.664,CHARGING,0.000,48.39,1,97.32,309.0,513.0,,,NORMAL,3.075,1.591,0.066,1.000
514.0,3.063,1.526,-1.664,CHARGING,0.000,48.94,1,97.32,309.0,513.5,,,NORMAL,3.075,1.591,0.066,1.000
515.0,3.063,1.526,-1.664,CHARGING,0.000,49.22,1,97.32,309.0,514.5,,,NORMAL,3.075,1.591,0.066,1.000
516.0,3.063,1.526,-1.664,CHARGING,0.000,49.76,1,97.32,309.0,515.5,,,NORMAL,3.075,1.591,0.066,1.000
517.0,3.063,1.526,-1.664,CHARGING,0.000,50.30,1,97.32,309.0,516.5,,,NORMAL,3.075,1.591,0.066,1.000
518.0,3.063,1.526,-1.664,CHARGING,0.000,50.84,1,97.32,309.0,517.5,,,NORMAL,3.075,1.591,0.066,1.000
519.0,3.063,1.526,-1.664,CHARGING,0.000,51.65,1,97.32,309.0,518.5,,,NORMAL,3.075,1.591,0.066,1.000
520.0,3.063,1.526,-1.664,CHARGING,0.000,52.19,1,97.32,309.0,520.0,,,NORMAL,3.075,1.591,0.066,1.000
521.0,3.063,1.526,-1.664,CHARGING,0.000,52.73,1,97.32,309.0,520.5,,,NORMAL,3.075,1.591,0.066,1.000
522.0,3.063,1.526,-1.664,CHARGING,0.000,53.01,1,97.32,309.0,521.5,,,NORMAL,3.075,1.591,0.066,1.000
523.0,3.063,1.526,-1.664,CHARGING,0.000,53.56,1,97.32,309.0,522.5,,,NORMAL,3.075,1.591,0.066,1.000
524.0,3.063,1.526,-1.664,CHARGING,0.000,54.10,1,97.32,309.0,523.5,,,NORMAL,3.075,1.591,0.066,1.000
525.0,3.063,1.526,-1.664,CHARGING,0.000,54.90,1,97.32,309.0,524.5,,,NORMAL,3.075,1.591,0.066,1.000
526.0,3.063,1.526,-1.664,CHARGING,0.000,55.18,1,97.32,309.0,525.5,,,NORMAL,3.075,1.591,0.066,1.000
527.0,3.063,1.526,-1.664,CHARGING,0.000,55.72,1,97.32,309.0,526.5,,,NORMAL,3.075,1.591,0.066,1.000
528.0,3.063,1.526,-1.664,CHARGING,0.000,56.26,1,97.32,309.0,527.5,,,NORMAL,3.075,1.591,0.066,1.000
529.0,3.063,1.526,-1.664,CHARGING,0.000,56.81,1,97.32,309.0,528.5,,,NORMAL,3.075,1.591,0.066,1.000
530.0,3.063,1.526,-1.664,CHARGING,0.000,57.35,1,97.32,309.0,529.5,,,NORMAL,3.075,1.591,0.066,1.000
531.0,3.063,1.526,-1.664,CHARGING,0.000,57.89,1,97.32,309.0,530.5,,,NORMAL,3.075,1.591,0.066,1.000
532.0,3.063,1.526,-1.664,CHARGING,0.000,58.43,1,97.32,309.0,531.5,,,NORMAL,3.075,1.591,0.066,1.000
533.0,3.063,1.526,-1.664,CHARGING,0.000,58.97,1,97.32,309.0,532.5,,,NORMAL,3.075,1.591,0.066,1.000
534.0,3.063,1.526,-1.664,CHARGING,0.000,59.51,1,97.32,309.0,533.5,,,NORMAL,3.075,1.591,0.066,1.000
535.0,3.063,1.526,-1.664,CHARGING,0.000,60.32,1,97.32,309.0,535.0,,,NORMAL,3.075,1.591,0.066,1.000
536.0,3.063,1.526,-1.664,CHARGING,0.000,60.60,1,97.32,309.0,535.5,,,NORMAL,3.075,1.591,0.066,1.000
537.0,3.063,1.526,-1.664,CHARGING,0.000,61.40,1,97.32,309.0,536.5,,,NORMAL,3.075,1.591,0.066,1.000
538.0,3.063,1.526,-1.664,CHARGING,0.000,61.66,1,97.32,309.0,537.5,,,NORMAL,3.075,1.591,0.066,1.000
539.0,3.063,1.526,-1.664,CHARGING,0.000,62.20,1,97.32,309.0,538.5,,,NORMAL,3.075,1.591,0.066,1.000
540.0,3.063,1.526,-1.664,CHARGING,0.000,62.74,1,97.32,309.0,539.5,,,NORMAL,3.075,1.591,0.066,1.000
541.0,3.063,1.526,-1.664,CHARGING,0.000,63.28,1,97.32,309.0,540.5,,,NORMAL,3.075,1.591,0.066,1.000
542.0,3.063,1.526,-1.664,CHARGING,0.000,63.83,1,97.32,309.0,541.5,,,NORMAL,3.075,1.591,0.066,1.000
543.0,3.063,1.526,-1.664,CHARGING,0.000,64.37,1,97.32,309.0,542.5,,,NORMAL,3.075,1.591,0.066,1.000
544.0,3.063,1.526,-1.664,CHARGING,0.000,64.91,1,97.32,309.0,543.5,,,NORMAL,3.075,1.591,0.066,1.000
545.0,3.063,1.526,-1.664,CHARGING,0.000,65.45,1,97.32,309.0,544.5,,,NORMAL,3.075,1.591,0.066,1.000
546.0,3.063,1.526,-1.664,CHARGING,0.000,66.00,1,97.32,309.0,545.5,,,NORMAL,3.075,1.591,0.066,1.000
547.0,3.063,1.526,-1.664,CHARGING,0.000,66.54,1,97.32,309.0,546.5,,,NORMAL,3.075,1.591,0.066,1.000
548.0,3.063,1.526,-1.664,CHARGING,0.000,67.08,1,97.32,309.0,547.5,,,NORMAL,3.075,1.591,0.066,1.000
549.0,3.063,1.526,-1.664,CHARGING,0.000,67.62,1,97.32,309.0,548.5,,,NORMAL,3.075,1.591,0.066,1.000
550.0,3.063,1.526,-1.664,CHARGING,0.000,68.44,1,97.32,309.0,550.0,,,NORMAL,3.075,1.591,0.066,1.000
551.0,3.063,1.526,-1.664,CHARGING,0.000,68.99,1,97.32,309.0,551.0,,,NORMAL,3.075,1.591,0.066,1.000
552.0,3.063,1.526,-1.664,CHARGING,0.000,69.25,1,97.32,309.0,551.5,,,NORMAL,3.075,1.591,0.066,1.000
553.0,3.063,1.526,-1.664,CHARGING,0.000,70.07,1,97.32,309.0,553.0,,,NORMAL,3.075,1.591,0.066,1.000
554.0,3.063,1.526,-1.664,CHARGING,0.000,70.61,1,97.32,309.0,553.5,,,NORMAL,3.075,1.591,0.066,1.000
555.0,3.063,1.526,-1.664,CHARGING,0.000,70.87,1,97.32,309.0,554.5,,,NORMAL,3.075,1.591,0.066,1.000
556.0,3.063,1.526,-1.664,CHARGING,0.000,71.41,1,97.32,309.0,555.5,,,NORMAL,3.075,1.591,0.066,1.000
557.0,3.063,1.526,-1.664,CHARGING,0.000,72.24,1,97.32,309.0,556.5,,,NORMAL,3.075,1.591,0.066,1.000
558.0,3.063,1.526,-1.664,CHARGING,0.000,72.78,1,97.32,309.0,557.5,,,NORMAL,3.075,1.591,0.066,1.000
559.0,3.063,1.526,-1.664,CHARGING,0.000,73.04,1,97.32,309.0,558.5,,,NORMAL,3.075,1.591,0.066,1.000
560.0,3.063,1.526,-1.664,CHARGING,0.000,73.86,1,97.32,309.0,560.0,,,NORMAL,3.075,1.591,0.066,1.000
561.0,3.063,1.526,-1.664,CHARGING,0.000,74.12,1,97.32,309.0,560.5,,,NORMAL,3.075,1.591,0.066,1.000
562.0,3.063,1.526,-1.664,CHARGING,0.000,74.66,1,97.32,309.0,561.5,,,NORMAL,3.075,1.591,0.066,1.000
563.0,3.063,1.526,-1.664,CHARGING,0.000,75.20,1,97.32,309.0,562.5,,,NORMAL,3.075,1.591,0.066,1.000
564.0,3.063,1.526,-1.664,CHARGING,0.000,75.75,1,97.32,309.0,563.5,,,NORMAL,3.075,1.591,0.066,1.000
565.0,3.063,1.526,-1.664,CHARGING,0.000,76.57,1,97.32,309.0,564.5,,,NORMAL,3.075,1.591,0.066,1.000
566.0,3.063,1.526,-1.664,CHARGING,0.000,76.83,1,97.32,309.0,565.5,,,NORMAL,3.075,1.591,0.066,1.000
567.0,3.063,1.526,-1.664,CHARGING,0.000,77.37,1,97.32,309.0,566.5,,,NORMAL,3.075,1.591,0.066,1.000
568.0,3.063,1.526,-1.664,CHARGING,0.000,77.92,1,97.32,309.0,567.5,,,NORMAL,3.075,1.591,0.066,1.000
569.0,3.063,1.526,-1.664,CHARGING,0.000,78.46,1,97.32,309.0,568.5,,,NORMAL,3.075,1.591,0.066,1.000
570.0,3.063,1.526,-1.664,CHARGING,0.000,79.00,1,97.32,309.0,569.5,,,NORMAL,3.075,1.591,0.066,1.000
571.0,3.063,1.526,-1.664,CHARGING,0.000,79.82,1,97.32,309.0,571.0,,,NORMAL,3.075,1.591,0.066,1.000
572.0,3.063,1.526,-1.664,CHARGING,0.000,80.36,1,97.32,309.0,572.0,,,NORMAL,3.075,1.591,0.066,1.000
573.0,3.063,1.526,-1.664,CHARGING,0.000,80.91,1,97.32,309.0,573.0,,,NORMAL,3.075,1.591,0.066,1.000
574.0,3.063,1.526,-1.624,NAVIGATING,0.000,81.16,0,97.32,309.5,573.5,T-0004,,NORMAL,3.075,1.591,0.066,1.000
575.0,3.067,1.530,-1.492,NAVIGATING,0.000,81.15,0,97.32,310.5,574.5,T-0004,,NORMAL,3.075,1.591,0.061,1.000
576.0,3.066,1.526,-1.366,NAVIGATING,0.000,81.13,0,97.32,311.5,575.5,T-0004,,NORMAL,3.075,1.591,0.065,1.000
577.0,3.066,1.530,-1.244,NAVIGATING,-0.000,81.11,0,97.32,312.5,576.5,T-0004,,NORMAL,3.075,1.591,0.061,1.000
578.0,3.067,1.529,-1.127,NAVIGATING,0.000,81.10,0,97.32,313.5,577.5,T-0004,,NORMAL,3.075,1.591,0.062,1.000
579.0,3.069,1.532,-1.000,NAVIGATING,-0.000,81.09,0,97.32,314.5,578.5,T-0004,,NORMAL,3.075,1.591,0.059,1.000
580.0,3.069,1.537,-0.875,NAVIGATING,0.000,81.07,0,97.32,315.5,579.5,T-0004,,NORMAL,3.075,1.591,0.054,1.000
581.0,3.069,1.535,-0.752,NAVIGATING,0.000,81.05,0,97.32,316.5,580.5,T-0004,,NORMAL,3.075,1.591,0.056,1.000
582.0,3.073,1.531,-0.479,NAVIGATING,0.000,81.04,0,97.32,317.5,581.5,T-0004,,NORMAL,3.075,1.591,0.060,1.000
583.0,3.088,1.538,0.304,NAVIGATING,0.000,81.01,0,97.32,318.5,582.5,T-0004,,NORMAL,3.075,1.591,0.055,1.000
584.0,3.164,1.708,1.165,NAVIGATING,0.300,80.97,0,97.50,320.0,584.0,T-0004,,NORMAL,3.165,1.741,0.033,1.000
585.0,3.211,1.839,1.214,NAVIGATING,0.300,80.95,0,97.65,320.5,584.5,T-0004,,NORMAL,3.222,1.883,0.045,1.000
586.0,3.304,2.123,1.201,NAVIGATING,0.300,80.90,0,97.95,321.5,585.5,T-0004,,NORMAL,3.325,2.164,0.046,1.000
587.0,3.416,2.408,1.148,NAVIGATING,0.300,80.89,0,98.25,322.5,586.5,T-0004,,NORMAL,3.442,2.441,0.042,1.000
588.0,3.533,2.678,1.139,NAVIGATING,0.300,80.86,0,98.55,323.5,587.5,T-0004,,NORMAL,3.568,2.713,0.049,1.000
589.0,3.663,2.954,1.060,NAVIGATING,0.300,80.81,0,98.85,324.5,588.5,T-0004,,NORMAL,3.700,2.983,0.047,1.000
590.0,3.953,3.321,0.737,NAVIGATING,0.770,80.76,0,99.32,325.5,589.5,T-0004,,NORMAL,3.998,3.357,0.057,1.000
591.0,4.582,3.797,0.575,NAVIGATING,0.800,80.73,0,100.12,326.5,590.5,T-0004,,NORMAL,4.641,3.830,0.067,1.000
592.0,5.268,4.245,0.630,NAVIGATING,0.800,80.68,0,100.92,327.5,591.5,T-0004,,NORMAL,5.311,4.267,0.048,1.000
593.0,5.887,4.730,0.676,NAVIGATING,0.800,80.62,0,101.72,328.5,592.5,T-0004,,NORMAL,5.941,4.760,0.061,1.000
594.0,6.447,5.311,0.960,NAVIGATING,0.800,80.56,0,102.52,329.5,593.5,T-0004,,NORMAL,6.501,5.330,0.057,1.000
595.0,6.754,6.021,1.294,NAVIGATING,0.800,80.50,0,103.32,330.5,594.5,T-0004,,NORMAL,6.841,6.051,0.092,1.000
596.0,6.877,6.813,1.512,NAVIGATING,0.800,80.44,0,104.12,331.5,595.5,T-0004,,NORMAL,6.980,6.838,0.106,1.000
597.0,6.908,7.619,1.579,NAVIGATING,0.800,80.38,0,104.92,332.5,596.5,T-0004,,NORMAL,7.010,7.637,0.104,1.000
598.0,6.872,8.836,1.606,NAVIGATING,0.800,80.30,0,106.12,334.0,598.0,T-0004,,NORMAL,6.991,8.824,0.119,1.000
599.0,6.874,9.224,1.596,NAVIGATING,0.800,80.27,0,106.52,334.5,598.5,T-0004,,NORMAL,6.981,9.238,0.109,1.000
600.0,6.853,10.441,1.588,NAVIGATING,0.800,80.19,0,107.72,336.0,600.0,T-0004,,NORMAL,6.959,10.424,0.107,1.000
601.0,6.846,10.821,1.585,NAVIGATING,0.800,80.16,0,108.12,336.5,600.5,T-0004,,NORMAL,6.955,10.838,0.110,1.000
602.0,6.843,11.615,1.655,NAVIGATING,0.800,80.11,0,108.92,337.5,601.5,T-0004,,NORMAL,6.931,11.637,0.090,1.000
603.0,6.642,12.378,2.026,NAVIGATING,0.800,80.02,0,109.72,338.5,602.5,T-0004,,NORMAL,6.722,12.405,0.084,1.000
604.0,6.192,12.984,2.363,NAVIGATING,0.800,79.99,0,110.52,339.5,603.5,T-0004,,NORMAL,6.258,13.052,0.095,1.000
605.0,5.789,13.321,2.539,NAVIGATING,0.400,79.92,0,111.06,340.5,604.5,T-0004,,NORMAL,5.856,13.398,0.102,1.000
606.0,5.452,13.545,2.559,NAVIGATING,0.400,79.90,0,111.46,341.5,605.5,T-0004,,NORMAL,5.525,13.622,0.106,1.000
607.0,5.132,13.763,2.552,NAVIGATING,0.400,79.87,0,111.86,342.5,606.5,T-0004,,NORMAL,5.193,13.846,0.103,1.000
608.0,4.788,13.994,2.557,NAVIGATING,0.400,79.84,0,112.26,343.5,607.5,T-0004,,NORMAL,4.861,14.069,0.105,1.000
609.0,4.312,14.321,2.549,NAVIGATING,0.400,79.77,0,112.86,345.0,609.0,T-0004,,NORMAL,4.371,14.400,0.098,1.000
610.0,4.133,14.443,2.553,NAVIGATING,0.400,79.75,0,113.06,345.5,609.5,T-0004,,NORMAL,4.198,14.517,0.099,1.000
611.0,3.814,14.665,2.557,NAVIGATING,0.400,79.73,0,113.46,346.5,610.5,T-0004,,NORMAL,3.866,14.740,0.091,1.000
612.0,3.493,14.889,2.543,NAVIGATING,0.400,79.70,0,113.86,347.5,611.5,T-0004,,NORMAL,3.533,14.964,0.086,1.000
613.0,3.153,15.128,2.531,NAVIGATING,0.400,79.66,0,114.26,348.5,612.5,T-0004,,NORMAL,3.202,15.192,0.081,1.000
614.0,2.836,15.357,2.517,NAVIGATING,0.400,79.61,0,114.66,349.5,613.5,T-0004,,NORMAL,2.878,15.426,0.081,1.000
615.0,2.395,15.693,2.498,NAVIGATING,0.269,79.58,0,115.21,351.0,615.0,T-0004,,NORMAL,2.449,15.745,0.075,1.000
616.0,2.302,15.767,2.499,NAVIGATING,0.203,79.56,0,115.32,351.5,615.5,T-0004,,NORMAL,2.351,15.818,0.070,1.000
617.0,2.174,15.866,2.489,NAVIGATING,0.120,79.53,0,115.48,352.5,616.5,T-0004,,NORMAL,2.227,15.911,0.069,1.000
618.0,2.103,15.920,2.489,NAVIGATING,0.080,79.52,0,115.57,353.5,617.5,T-0004,,NORMAL,2.153,15.967,0.069,1.000
619.0,2.078,15.940,2.239,NAVIGATING,-0.000,79.50,0,115.61,354.5,618.5,T-0004,,NORMAL,2.126,15.988,0.067,1.000
620.0,2.075,15.943,1.699,NAVIGATING,0.000,79.48,0,115.61,355.5,619.5,T-0004,,NORMAL,2.126,15.988,0.068,1.000
621.0,2.073,15.946,1.448,PICKING,0.000,79.45,0,115.61,356.5,620.5,T-0004,,NORMAL,2.126,15.988,0.067,1.000
622.0,2.073,15.946,1.448,PICKING,0.000,79.44,0,115.61,357.5,621.5,T-0004,UCO-0004,NORMAL,2.126,15.988,0.067,1.000
623.0,2.073,15.946,1.448,PICKING,0.000,79.43,0,115.61,358.5,622.5,T-0004,UCO-0004,NORMAL,2.126,15.988,0.067,1.000
624.0,2.072,15.954,1.109,NAVIGATING,0.000,79.40,0,115.61,359.5,623.5,T-0004,UCO-0004,NORMAL,2.126,15.988,0.064,1.000
625.0,2.081,15.988,0.315,NAVIGATING,0.000,79.38,0,115.61,360.5,624.5,T-0004,UCO-0004,NORMAL,2.126,15.988,0.045,1.000
626.0,2.288,15.966,-0.241,NAVIGATING,0.400,79.34,0,115.81,361.5,625.5,T-0004,UCO-0004,NORMAL,2.335,15.965,0.047,1.000
627.0,2.664,15.825,-0.423,NAVIGATING,0.400,79.27,0,116.21,362.5,626.5,T-0004,UCO-0004,NORMAL,2.712,15.832,0.049,1.000
628.0,3.033,15.664,-0.410,NAVIGATING,0.400,79.23,0,116.61,363.5,627.5,T-0004,UCO-0004,NORMAL,3.079,15.673,0.048,1.000
629.0,3.411,15.499,-0.411,NAVIGATING,0.400,79.21,0,117.01,364.5,628.5,T-0004,UCO-0004,NORMAL,3.446,15.514,0.038,1.000
630.0,3.772,15.339,-0.411,NAVIGATING,0.400,79.15,0,117.41,365.5,629.5,T-0004,UCO-0004,NORMAL,3.814,15.353,0.044,1.000
631.0,4.313,15.097,-0.436,NAVIGATING,0.400,79.11,0,118.01,367.0,631.0,T-0004,UCO-0004,NORMAL,4.349,15.118,0.041,1.000
632.0,4.493,15.020,-0.428,NAVIGATING,0.400,79.09,0,118.21,367.5,631.5,T-0004,UCO-0004,NORMAL,4.532,15.034,0.042,1.000
633.0,4.871,14.847,-0.437,NAVIGATING,0.400,79.04,0,118.61,368.5,632.5,T-0004,UCO-0004,NORMAL,4.897,14.864,0.031,1.000
634.0,5.217,14.684,-0.431,NAVIGATING,0.400,79.00,0,119.01,369.5,633.5,T-0004,UCO-0004,NORMAL,5.259,14.693,0.043,1.000
635.0,5.586,14.520,-0.445,NAVIGATING,0.400,78.96,0,119.41,370.5,634.5,T-0004,UCO-0004,NORMAL,5.621,14.524,0.035,1.000
636.0,5.927,14.348,-0.471,NAVIGATING,0.400,78.92,0,119.81,371.5,635.5,T-0004,UCO-0004,NORMAL,5.980,14.346,0.052,1.000
637.0,6.284,14.172,-0.456,NAVIGATING,0.400,78.86,0,120.21,372.5,636.5,T-0004,UCO-0004,NORMAL,6.338,14.169,0.055,1.000
638.0,6.655,14.000,-0.469,NAVIGATING,0.400,78.81,0,120.61,373.5,637.5,T-0004,UCO-0004,NORMAL,6.698,13.993,0.044,1.000
639.0,7.012,13.829,-0.470,NAVIGATING,0.400,78.79,0,121.01,374.5,638.5,T-0004,UCO-0004,NORMAL,7.057,13.816,0.047,1.000
640.0,7.362,13.643,-0.492,NAVIGATING,0.400,78.75,0,121.41,375.5,639.5,T-0004,UCO-0004,NORMAL,7.412,13.631,0.051,1.000
641.0,7.719,13.452,-0.499,NAVIGATING,0.400,78.71,0,121.81,376.5,640.5,T-0004,UCO-0004,NORMAL,7.764,13.442,0.047,1.000
642.0,8.243,13.159,-0.512,NAVIGATING,0.400,78.62,0,122.41,378.0,642.0,T-0004,UCO-0004,NORMAL,8.286,13.157,0.043,1.000
643.0,8.402,13.071,-0.501,NAVIGATING,0.400,78.62,0,122.61,378.5,642.5,T-0004,UCO-0004,NORMAL,8.466,13.058,0.065,1.000
644.0,8.826,12.829,-0.539,NAVIGATING,0.749,78.58,0,123.10,379.5,643.5,T-0004,UCO-0004,NORMAL,8.901,12.812,0.077,1.000
645.0,9.521,12.403,-0.562,NAVIGATING,0.800,78.51,0,123.90,380.5,644.5,T-0004,UCO-0004,NORMAL,9.583,12.396,0.062,1.000
646.0,10.547,11.769,-0.566,NAVIGATING,0.800,78.41,0,125.10,382.0,646.0,T-0004,UCO-0004,NORMAL,10.593,11.766,0.046,1.000
647.0,10.910,11.550,-0.569,NAVIGATING,0.800,78.38,0,125.50,382.5,646.5,T-0004,UCO-0004,NORMAL,10.941,11.547,0.031,1.000
648.0,11.950,10.902,-0.556,NAVIGATING,0.800,78.27,0,126.70,384.0,648.0,T-0004,UCO-0004,NORMAL,11.947,10.914,0.012,1.000
649.0,12.293,10.687,-0.552,NAVIGATING,0.756,78.24,0,127.10,384.5,648.5,T-0004,UCO-0004,NORMAL,12.298,10.699,0.013,1.000
650.0,12.811,10.373,-0.539,NAVIGATING,0.600,78.18,0,127.71,385.5,649.5,T-0004,UCO-0004,NORMAL,12.819,10.387,0.017,1.000
651.0,13.316,10.060,-0.551,NAVIGATING,0.600,78.12,0,128.31,386.5,650.5,T-0004,UCO-0004,NORMAL,13.334,10.076,0.024,1.000
652.0,14.069,9.575,-0.590,NAVIGATING,0.532,78.02,0,129.20,388.0,652.0,T-0004,UCO-0004,NORMAL,14.077,9.603,0.029,1.000
653.0,14.378,9.361,-0.614,NAVIGATING,0.217,78.00,0,129.56,389.0,653.0,T-0004,UCO-0004,NORMAL,14.372,9.401,0.040,1.000
654.0,14.460,9.306,-0.626,NAVIGATING,0.154,77.97,0,129.65,389.5,653.5,T-0004,UCO-0004,NORMAL,14.451,9.345,0.040,1.000
655.0,14.524,9.258,-0.682,NAVIGATING,-0.000,77.95,0,129.74,390.5,654.5,T-0004,UCO-0004,NORMAL,14.517,9.296,0.039,1.000
656.0,14.538,9.249,-1.406,NAVIGATING,-0.000,77.93,0,129.74,391.5,655.5,T-0004,UCO-0004,NORMAL,14.517,9.296,0.052,1.000
657.0,14.558,9.230,-1.667,DROPPING,0.000,77.90,0,129.74,392.5,656.5,T-0004,UCO-0004,NORMAL,14.517,9.296,0.078,1.000
658.0,14.553,9.229,-1.672,DROPPING,0.000,77.88,0,129.74,393.5,657.5,T-0004,,NORMAL,14.517,9.296,0.076,0.854
659.0,14.553,9.229,-1.672,DROPPING,0.000,77.88,0,129.74,394.5,658.5,T-0004,,NORMAL,14.517,9.296,0.076,0.854
660.0,14.553,9.229,-1.672,IDLE,0.000,77.85,0,129.74,394.5,659.5,,,NORMAL,14.517,9.296,0.076,1.000
661.0,14.553,9.229,-1.672,IDLE,0.000,77.85,0,129.74,394.5,660.5,,,NORMAL,14.517,9.296,0.076,1.000
662.0,14.553,9.229,-1.672,IDLE,0.000,77.83,0,129.74,394.5,661.5,,,NORMAL,14.517,9.296,0.076,1.000
663.0,14.553,9.229,-1.672,IDLE,0.000,77.82,0,129.74,394.5,662.5,,,NORMAL,14.517,9.296,0.076,1.000
664.0,14.553,9.229,-1.672,IDLE,0.000,77.81,0,129.74,394.5,663.5,,,NORMAL,14.517,9.296,0.076,1.000
665.0,14.553,9.229,-1.672,IDLE,0.000,77.79,0,129.74,394.5,664.5,,,NORMAL,14.517,9.296,0.076,1.000
666.0,14.553,9.229,-1.672,IDLE,0.000,77.78,0,129.74,394.5,665.5,,,NORMAL,14.517,9.296,0.076,1.000
667.0,14.553,9.229,-1.672,IDLE,0.000,77.76,0,129.74,394.5,666.5,,,NORMAL,14.517,9.296,0.076,1.000
668.0,14.553,9.229,-1.672,IDLE,0.000,77.75,0,129.74,394.5,667.5,,,NORMAL,14.517,9.296,0.076,1.000
669.0,14.553,9.229,-1.672,IDLE,0.000,77.74,0,129.74,394.5,668.5,,,NORMAL,14.517,9.296,0.076,1.000
670.0,14.553,9.229,-1.672,IDLE,0.000,77.72,0,129.74,394.5,669.5,,,NORMAL,14.517,9.296,0.076,1.000
671.0,14.553,9.229,-1.672,IDLE,0.000,77.70,0,129.74,394.5,670.5,,,NORMAL,14.517,9.296,0.076,1.000
672.0,14.553,9.229,-1.672,IDLE,0.000,77.69,0,129.74,394.5,671.5,,,NORMAL,14.517,9.296,0.076,1.000
673.0,14.553,9.229,-1.672,IDLE,0.000,77.68,0,129.74,394.5,672.5,,,NORMAL,14.517,9.296,0.076,1.000
674.0,14.553,9.229,-1.672,IDLE,0.000,77.67,0,129.74,394.5,673.5,,,NORMAL,14.517,9.296,0.076,1.000
675.0,14.553,9.229,-1.672,IDLE,0.000,77.65,0,129.74,394.5,674.5,,,NORMAL,14.517,9.296,0.076,1.000
676.0,14.553,9.229,-1.672,IDLE,0.000,77.64,0,129.74,394.5,675.5,,,NORMAL,14.517,9.296,0.076,1.000
677.0,14.553,9.229,-1.672,IDLE,0.000,77.63,0,129.74,394.5,676.5,,,NORMAL,14.517,9.296,0.076,1.000
678.0,14.553,9.229,-1.672,IDLE,0.000,77.61,0,129.74,394.5,677.5,,,NORMAL,14.517,9.296,0.076,1.000
679.0,14.553,9.229,-1.672,IDLE,0.000,77.59,0,129.74,394.5,678.5,,,NORMAL,14.517,9.296,0.076,1.000
680.0,14.553,9.229,-1.672,IDLE,0.000,77.58,0,129.74,394.5,679.5,,,NORMAL,14.517,9.296,0.076,1.000
681.0,14.553,9.229,-1.672,NAVIGATING,0.000,77.57,0,129.74,395.0,680.5,T-0005,,NORMAL,14.517,9.296,0.076,1.000
682.0,14.553,9.229,-1.672,NAVIGATING,0.000,77.56,0,129.74,396.0,681.5,T-0005,,NORMAL,14.517,9.296,0.076,1.000
683.0,14.553,9.229,-1.672,NAVIGATING,0.000,77.54,0,129.74,397.0,682.5,T-0005,,NORMAL,14.517,9.296,0.076,1.000
684.0,14.553,9.229,-1.672,NAVIGATING,0.000,77.53,0,129.74,398.0,683.5,T-0005,,NORMAL,14.517,9.296,0.076,1.000
685.0,14.553,9.229,-1.672,IDLE,0.000,77.51,0,129.74,398.5,684.5,,,NORMAL,14.517,9.296,0.076,1.000
686.0,14.553,9.229,-1.754,NAVIGATING,0.000,77.50,0,129.74,399.0,685.5,T-0005,,NORMAL,14.517,9.296,0.076,1.000
687.0,14.525,9.216,-2.478,NAVIGATING,0.000,77.47,0,129.74,400.0,686.5,T-0005,,NORMAL,14.517,9.296,0.081,1.000
688.0,14.125,9.271,2.759,NAVIGATING,0.600,77.42,0,130.08,401.5,688.0,T-0005,,NORMAL,14.183,9.355,0.103,1.000
689.0,13.845,9.394,2.720,NAVIGATING,0.600,77.38,0,130.38,402.0,688.5,T-0005,,NORMAL,13.898,9.478,0.099,1.000
690.0,13.296,9.654,2.705,NAVIGATING,0.600,77.35,0,130.98,403.0,689.5,T-0005,,NORMAL,13.351,9.724,0.090,1.000
691.0,12.728,9.912,2.713,NAVIGATING,0.600,77.31,0,131.58,404.0,690.5,T-0005,,NORMAL,12.803,9.969,0.094,1.000
692.0,12.185,10.167,2.697,NAVIGATING,0.600,77.26,0,132.18,405.0,691.5,T-0005,,NORMAL,12.254,10.215,0.084,1.000
693.0,11.494,10.506,2.677,NAVIGATING,0.800,77.22,0,132.94,406.0,692.5,T-0005,,NORMAL,11.571,10.541,0.085,1.000
694.0,10.800,10.854,2.680,NAVIGATING,0.800,77.16,0,133.74,407.0,693.5,T-0005,,NORMAL,10.851,10.889,0.062,1.000
695.0,10.057,11.223,2.663,NAVIGATING,0.800,77.11,0,134.54,408.0,694.5,T-0005,,NORMAL,10.130,11.243,0.076,1.000
696.0,9.348,11.604,2.646,NAVIGATING,0.800,77.05,0,135.34,409.0,695.5,T-0005,,NORMAL,9.422,11.616,0.075,1.000
697.0,8.606,11.988,2.644,NAVIGATING,0.800,77.00,0,136.14,410.0,696.5,T-0005,,NORMAL,8.713,11.990,0.107,1.000
698.0,7.928,12.365,2.629,NAVIGATING,0.800,76.91,0,136.94,411.0,697.5,T-0005,,NORMAL,8.011,12.376,0.084,1.000
699.0,7.246,12.762,2.623,NAVIGATING,0.800,76.89,0,137.74,412.0,698.5,T-0005,,NORMAL,7.311,12.767,0.065,1.000
700.0,6.597,13.120,2.635,NAVIGATING,0.477,76.83,0,138.49,413.0,699.5,T-0005,,NORMAL,6.665,13.131,0.068,1.000
701.0,6.274,13.302,2.620,NAVIGATING,0.400,76.79,0,138.89,414.0,700.5,T-0005,,NORMAL,6.318,13.334,0.054,1.000
702.0,5.918,13.499,2.632,NAVIGATING,0.400,76.76,0,139.29,415.0,701.5,T-0005,,NORMAL,5.972,13.535,0.064,1.000
703.0,5.584,13.690,2.622,NAVIGATING,0.400,76.72,0,139.69,416.0,702.5,T-0005,,NORMAL,5.628,13.740,0.067,1.000
704.0,5.228,13.891,2.627,NAVIGATING,0.400,76.67,0,140.09,417.0,703.5,T-0005,,NORMAL,5.281,13.941,0.072,1.000
705.0,4.734,14.176,2.617,NAVIGATING,0.400,76.64,0,140.69,418.5,705.0,T-0005,,NORMAL,4.777,14.240,0.077,1.000
706.0,4.548,14.288,2.614,NAVIGATING,0.400,76.60,0,140.89,419.0,705.5,T-0005,,NORMAL,4.592,14.349,0.076,1.000
707.0,4.220,14.485,2.595,NAVIGATING,0.400,76.59,0,141.29,420.0,706.5,T-0005,,NORMAL,4.262,14.547,0.074,1.000
708.0,3.871,14.701,2.571,NAVIGATING,0.400,76.55,0,141.69,421.0,707.5,T-0005,,NORMAL,3.922,14.761,0.079,1.000
709.0,3.538,14.915,2.574,NAVIGATING,0.400,76.52,0,142.09,422.0,708.5,T-0005,,NORMAL,3.587,14.980,0.082,1.000
710.0,3.207,15.132,2.557,NAVIGATING,0.400,76.48,0,142.49,423.0,709.5,T-0005,,NORMAL,3.252,15.199,0.081,1.000
711.0,2.868,15.357,2.555,NAVIGATING,0.400,76.45,0,142.89,424.0,710.5,T-0005,,NORMAL,2.917,15.419,0.080,1.000
712.0,2.552,15.579,2.528,NAVIGATING,0.366,76.41,0,143.29,425.0,711.5,T-0005,,NORMAL,2.589,15.644,0.075,1.000
713.0,2.314,15.750,2.500,NAVIGATING,0.215,76.37,0,143.57,426.0,712.5,T-0005,,NORMAL,2.360,15.809,0.075,1.000
714.0,2.181,15.851,2.472,NAVIGATING,0.124,76.36,0,143.74,427.0,713.5,T-0005,,NORMAL,2.230,15.908,0.076,1.000
715.0,2.108,15.911,2.463,NAVIGATING,0.080,76.34,0,143.83,428.0,714.5,T-0005,,NORMAL,2.154,15.968,0.074,1.000
716.0,2.068,15.943,2.345,NAVIGATING,-0.000,76.32,0,143.88,429.0,715.5,T-0005,,NORMAL,2.116,15.999,0.074,1.000
717.0,2.069,15.941,1.885,NAVIGATING,0.000,76.30,0,143.88,430.0,716.5,T-0005,,NORMAL,2.116,15.999,0.074,1.000
718.0,2.067,15.949,1.449,PICKING,0.000,76.27,0,143.88,431.0,717.5,T-0005,,NORMAL,2.116,15.999,0.070,1.000
719.0,2.065,15.955,1.448,PICKING,0.000,76.26,0,143.88,432.0,718.5,T-0005,,NORMAL,2.116,15.999,0.067,1.000
720.0,2.065,15.955,1.448,PICKING,0.000,76.25,0,143.88,433.0,719.5,T-0005,UCO-0005,NORMAL,2.116,15.999,0.067,1.000
721.0,2.065,15.955,1.371,NAVIGATING,0.000,76.22,0,143.88,434.0,720.5,T-0005,UCO-0005,NORMAL,2.116,15.999,0.067,1.000
722.0,2.065,15.988,0.623,NAVIGATING,0.000,76.20,0,143.88,435.0,721.5,T-0005,UCO-0005,NORMAL,2.116,15.999,0.052,1.000
723.0,2.318,15.971,-0.232,NAVIGATING,0.400,76.15,0,144.14,436.5,723.0,T-0005,UCO-0005,NORMAL,2.371,15.975,0.054,1.000
724.0,2.708,15.850,-0.339,NAVIGATING,0.400,76.08,0,144.54,437.5,724.0,T-0005,UCO-0005,NORMAL,2.755,15.861,0.048,1.000
725.0,2.900,15.778,-0.356,NAVIGATING,0.400,76.06,0,144.74,438.0,724.5,T-0005,UCO-0005,NORMAL,2.954,15.790,0.056,1.000
726.0,3.283,15.635,-0.358,NAVIGATING,0.400,76.04,0,145.14,439.0,725.5,T-0005,UCO-0005,NORMAL,3.330,15.653,0.051,1.000
727.0,3.653,15.494,-0.379,NAVIGATING,0.400,76.00,0,145.54,440.0,726.5,T-0005,UCO-0005,NORMAL,3.703,15.508,0.051,1.000
728.0,4.019,15.357,-0.376,NAVIGATING,0.400,75.96,0,145.94,441.0,727.5,T-0005,UCO-0005,NORMAL,4.076,15.365,0.058,1.000
729.0,4.398,15.199,-0.388,NAVIGATING,0.400,75.89,0,146.34,442.0,728.5,T-0005,UCO-0005,NORMAL,4.446,15.211,0.050,1.000
730.0,4.740,15.062,-0.370,NAVIGATING,0.400,75.85,0,146.74,443.0,729.5,T-0005,UCO-0005,NORMAL,4.819,15.066,0.078,1.000
731.0,5.129,14.902,-0.408,NAVIGATING,0.400,75.83,0,147.14,444.0,730.5,T-0005,UCO-0005,NORMAL,5.190,14.917,0.062,1.000
732.0,5.493,14.747,-0.415,NAVIGATING,0.400,75.76,0,147.54,445.0,731.5,T-0005,UCO-0005,NORMAL,5.558,14.759,0.066,1.000
733.0,5.857,14.592,-0.430,NAVIGATING,0.400,75.74,0,147.94,446.0,732.5,T-0005,UCO-0005,NORMAL,5.924,14.598,0.067,1.000
734.0,6.214,14.426,-0.456,NAVIGATING,0.400,75.70,0,148.34,447.0,733.5,T-0005,UCO-0005,NORMAL,6.286,14.427,0.072,1.000
735.0,6.557,14.253,-0.472,NAVIGATING,0.400,75.66,0,148.74,448.0,734.5,T-0005,UCO-0005,NORMAL,6.644,14.245,0.087,1.000
736.0,6.936,14.068,-0.466,NAVIGATING,0.400,75.62,0,149.14,449.0,735.5,T-0005,UCO-0005,NORMAL,7.002,14.067,0.066,1.000
737.0,7.274,13.893,-0.462,NAVIGATING,0.400,75.58,0,149.54,450.0,736.5,T-0005,UCO-0005,NORMAL,7.360,13.886,0.086,1.000
738.0,7.639,13.718,-0.458,NAVIGATING,0.400,75.53,0,149.90,451.0,737.5,T-0005,UCO-0005,NORMAL,7.705,13.716,0.066,1.000
739.0,7.997,13.538,-0.499,NAVIGATING,0.400,75.49,0,150.34,452.0,738.5,T-0005,UCO-0005,NORMAL,8.063,13.532,0.066,1.000
740.0,8.337,13.348,-0.516,NAVIGATING,0.400,75.45,0,150.74,453.0,739.5,T-0005,UCO-0005,NORMAL,8.414,13.338,0.079,1.000
741.0,8.695,13.149,-0.513,NAVIGATING,0.400,75.39,0,151.14,454.0,740.5,T-0005,UCO-0005,NORMAL,8.765,13.144,0.070,1.000
742.0,9.040,12.951,-0.550,NAVIGATING,0.434,75.34,0,151.54,455.0,741.5,T-0005,UCO-0005,NORMAL,9.112,12.941,0.073,1.000
743.0,9.969,12.365,-0.577,NAVIGATING,0.800,75.27,0,152.64,456.5,743.0,T-0005,UCO-0005,NORMAL,10.043,12.361,0.075,1.000
744.0,10.317,12.138,-0.594,NAVIGATING,0.800,75.24,0,153.04,457.0,743.5,T-0005,UCO-0005,NORMAL,10.388,12.137,0.071,1.000
745.0,10.962,11.688,-0.624,NAVIGATING,0.800,75.17,0,153.84,458.0,744.5,T-0005,UCO-0005,NORMAL,11.044,11.676,0.083,1.000
746.0,11.686,11.240,-0.498,NAVIGATING,0.800,75.06,0,154.64,459.0,745.5,T-0005,UCO-0005,NORMAL,11.723,11.251,0.039,1.000
747.0,12.384,10.942,-0.295,NAVIGATING,0.600,75.02,0,155.42,460.0,746.5,T-0005,UCO-0005,NORMAL,12.430,10.956,0.048,1.000
748.0,12.951,10.832,-0.141,NAVIGATING,0.600,74.96,0,156.02,461.0,747.5,T-0005,UCO-0005,NORMAL,13.018,10.839,0.068,1.000
749.0,13.552,10.776,-0.079,NAVIGATING,0.600,74.91,0,156.62,462.0,748.5,T-0005,UCO-0005,NORMAL,13.615,10.783,0.064,1.000
750.0,14.127,10.729,-0.083,NAVIGATING,0.600,74.85,0,157.22,463.0,749.5,T-0005,UCO-0005,NORMAL,14.216,10.739,0.090,1.000
751.0,14.737,10.671,-0.113,NAVIGATING,0.600,74.80,0,157.82,464.0,750.5,T-0005,UCO-0005,NORMAL,14.815,10.684,0.079,1.000
752.0,15.314,10.598,-0.147,NAVIGATING,0.600,74.71,0,158.42,465.0,751.5,T-0005,UCO-0005,NORMAL,15.410,10.609,0.097,1.000
753.0,15.796,10.507,-0.229,NAVIGATING,0.355,74.69,0,158.92,466.0,752.5,T-0005,UCO-0005,NORMAL,15.902,10.520,0.106,1.000
754.0,16.013,10.453,-0.262,NAVIGATING,0.162,74.64,0,159.16,467.0,753.5,T-0005,UCO-0005,NORMAL,16.132,10.464,0.120,1.000
755.0,16.112,10.425,-0.268,NAVIGATING,0.012,74.63,0,159.27,468.0,754.5,T-0005,UCO-0005,NORMAL,16.232,10.437,0.120,1.000
756.0,16.113,10.427,0.316,NAVIGATING,-0.000,74.61,0,159.27,469.0,755.5,T-0005,UCO-0005,NORMAL,16.232,10.437,0.120,1.000
757.0,16.121,10.445,1.520,DROPPING,0.000,74.55,0,159.27,470.5,757.0,T-0005,UCO-0005,NORMAL,16.232,10.437,0.111,1.000
758.0,16.123,10.451,1.699,DROPPING,0.000,74.54,0,159.27,471.0,757.5,T-0005,UCO-0005,NORMAL,16.232,10.437,0.110,1.000
759.0,16.122,10.455,1.704,DROPPING,0.000,74.52,0,159.27,472.0,758.5,T-0005,UCO-0005,NORMAL,16.232,10.437,0.111,0.854
760.0,16.122,10.455,1.704,DROPPING,0.000,74.51,0,159.27,473.0,759.5,T-0005,,NORMAL,16.232,10.437,0.111,0.854
761.0,16.122,10.455,1.704,IDLE,0.000,74.49,0,159.27,473.5,760.5,,,WARNING,16.232,10.437,0.111,1.000
762.0,16.122,10.455,1.704,IDLE,0.000,74.48,0,159.27,473.5,761.5,,,WARNING,16.232,10.437,0.111,1.000
763.0,16.122,10.455,1.704,IDLE,0.000,74.47,0,159.27,473.5,762.5,,,WARNING,16.232,10.437,0.111,1.000
764.0,16.122,10.455,1.704,IDLE,0.000,74.45,0,159.27,473.5,763.5,,,WARNING,16.232,10.437,0.111,1.000
765.0,16.122,10.455,1.704,IDLE,0.000,74.43,0,159.27,473.5,764.5,,,WARNING,16.232,10.437,0.111,1.000
766.0,16.122,10.455,1.704,IDLE,0.000,74.43,0,159.27,473.5,765.5,,,WARNING,16.232,10.437,0.111,1.000
767.0,16.122,10.455,1.704,IDLE,0.000,74.41,0,159.27,473.5,766.5,,,WARNING,16.232,10.437,0.111,1.000
768.0,16.122,10.455,1.704,IDLE,0.000,74.40,0,159.27,473.5,767.5,,,WARNING,16.232,10.437,0.111,1.000
769.0,16.122,10.455,1.704,IDLE,0.000,74.38,0,159.27,473.5,768.5,,,WARNING,16.232,10.437,0.111,1.000
770.0,16.122,10.455,1.704,IDLE,0.000,74.37,0,159.27,473.5,769.5,,,WARNING,16.232,10.437,0.111,1.000
771.0,16.122,10.455,1.704,IDLE,0.000,74.36,0,159.27,473.5,770.5,,,WARNING,16.232,10.437,0.111,1.000
772.0,16.122,10.455,1.704,IDLE,0.000,74.34,0,159.27,473.5,771.5,,,WARNING,16.232,10.437,0.111,1.000
773.0,16.122,10.455,1.704,IDLE,0.000,74.33,0,159.27,473.5,772.5,,,WARNING,16.232,10.437,0.111,1.000
774.0,16.122,10.455,1.704,IDLE,0.000,74.32,0,159.27,473.5,773.5,,,WARNING,16.232,10.437,0.111,1.000
775.0,16.122,10.455,1.704,IDLE,0.000,74.29,0,159.27,473.5,775.0,,,WARNING,16.232,10.437,0.111,1.000
776.0,16.122,10.455,1.704,IDLE,0.000,74.28,0,159.27,473.5,775.5,,,WARNING,16.232,10.437,0.111,1.000
777.0,16.122,10.455,1.704,IDLE,0.000,74.27,0,159.27,473.5,776.5,,,WARNING,16.232,10.437,0.111,1.000
778.0,16.122,10.455,1.704,IDLE,0.000,74.26,0,159.27,473.5,777.5,,,WARNING,16.232,10.437,0.111,1.000
779.0,16.122,10.455,1.704,IDLE,0.000,74.25,0,159.27,473.5,778.5,,,WARNING,16.232,10.437,0.111,1.000
780.0,16.122,10.455,1.704,IDLE,0.000,74.23,0,159.27,473.5,779.5,,,WARNING,16.232,10.437,0.111,1.000
781.0,16.122,10.455,1.704,IDLE,0.000,74.22,0,159.27,473.5,780.5,,,WARNING,16.232,10.437,0.111,1.000
782.0,16.122,10.455,1.704,IDLE,0.000,74.20,0,159.27,473.5,781.5,,,NORMAL,16.232,10.437,0.111,1.000
783.0,16.122,10.455,1.704,IDLE,0.000,74.19,0,159.27,473.5,782.5,,,NORMAL,16.232,10.437,0.111,1.000
784.0,16.122,10.455,1.704,IDLE,0.000,74.17,0,159.27,473.5,783.5,,,NORMAL,16.232,10.437,0.111,1.000
785.0,16.122,10.455,1.704,IDLE,0.000,74.16,0,159.27,473.5,784.5,,,NORMAL,16.232,10.437,0.111,1.000
786.0,16.122,10.455,1.704,IDLE,0.000,74.15,0,159.27,473.5,785.5,,,NORMAL,16.232,10.437,0.111,1.000
787.0,16.130,10.449,1.974,NAVIGATING,0.000,74.12,0,159.27,474.5,787.0,T-0006,,NORMAL,16.232,10.437,0.102,1.000
788.0,16.128,10.442,2.039,NAVIGATING,0.000,74.12,0,159.27,475.0,787.5,T-0006,,NORMAL,16.232,10.437,0.104,1.000
789.0,16.131,10.441,2.161,NAVIGATING,0.000,74.10,0,159.27,476.0,788.5,T-0006,,NORMAL,16.232,10.437,0.101,1.000
790.0,16.124,10.439,2.672,NAVIGATING,0.003,74.08,0,159.27,477.0,789.5,T-0006,,NORMAL,16.230,10.438,0.106,1.000
791.0,15.807,10.449,3.131,NAVIGATING,0.600,74.04,0,159.62,478.0,790.5,T-0006,,NORMAL,15.870,10.469,0.067,1.000
792.0,14.876,10.486,3.025,NAVIGATING,0.600,73.97,0,160.52,479.5,792.0,T-0006,,NORMAL,14.989,10.524,0.119,1.000
793.0,14.571,10.527,2.992,NAVIGATING,0.600,73.95,0,160.82,480.0,792.5,T-0006,,NORMAL,14.671,10.564,0.107,1.000
794.0,13.958,10.599,3.010,NAVIGATING,0.600,73.91,0,161.42,481.0,793.5,T-0006,,NORMAL,14.075,10.635,0.123,1.000
795.0,13.373,10.682,2.973,NAVIGATING,0.600,73.84,0,162.02,482.0,794.5,T-0006,,NORMAL,13.482,10.720,0.115,1.000
796.0,12.798,10.783,2.955,NAVIGATING,0.600,73.82,0,162.62,483.0,795.5,T-0006,,NORMAL,12.889,10.820,0.098,1.000
797.0,12.222,10.900,2.916,NAVIGATING,0.600,73.77,0,163.22,484.0,796.5,T-0006,,NORMAL,12.300,10.936,0.086,1.000
798.0,11.544,11.092,2.816,NAVIGATING,0.800,73.72,0,163.94,485.0,797.5,T-0006,,NORMAL,11.597,11.129,0.065,1.000
799.0,10.760,11.389,2.746,NAVIGATING,0.800,73.67,0,164.74,486.0,798.5,T-0006,,NORMAL,10.849,11.411,0.092,1.000
800.0,10.041,11.703,2.726,NAVIGATING,0.800,73.58,0,165.54,487.0,799.5,T-0006,,NORMAL,10.112,11.722,0.073,1.000
801.0,9.306,12.036,2.713,NAVIGATING,0.800,73.56,0,166.34,488.0,800.5,T-0006,,NORMAL,9.377,12.043,0.071,1.000
802.0,8.572,12.375,2.697,NAVIGATING,0.800,73.50,0,167.14,489.0,801.5,T-0006,,NORMAL,8.650,12.375,0.077,1.000
803.0,7.901,12.702,2.697,NAVIGATING,0.800,73.45,0,167.94,490.0,802.5,T-0006,,NORMAL,7.951,12.699,0.050,1.000
804.0,7.170,13.050,2.686,NAVIGATING,0.758,73.39,0,168.74,491.0,803.5,T-0006,,NORMAL,7.229,13.043,0.059,1.000
805.0,6.767,13.235,2.704,NAVIGATING,0.400,73.35,0,169.19,492.0,804.5,T-0006,,NORMAL,6.822,13.239,0.055,1.000
806.0,6.420,13.395,2.703,NAVIGATING,0.400,73.31,0,169.59,493.0,805.5,T-0006,,NORMAL,6.461,13.414,0.045,1.000
807.0,6.058,13.564,2.683,NAVIGATING,0.400,73.28,0,169.99,494.0,806.5,T-0006,,NORMAL,6.104,13.593,0.054,1.000
808.0,5.696,13.735,2.688,NAVIGATING,0.400,73.24,0,170.39,495.0,807.5,T-0006,,NORMAL,5.748,13.777,0.067,1.000
809.0,5.361,13.908,2.662,NAVIGATING,0.400,73.21,0,170.79,496.0,808.5,T-0006,,NORMAL,5.395,13.966,0.067,1.000
810.0,5.008,14.102,2.649,NAVIGATING,0.400,73.16,0,171.19,497.0,809.5,T-0006,,NORMAL,5.044,14.157,0.066,1.000
811.0,4.659,14.299,2.623,NAVIGATING,0.400,73.14,0,171.59,498.0,810.5,T-0006,,NORMAL,4.695,14.355,0.067,1.000
812.0,4.122,14.599,2.616,NAVIGATING,0.400,73.09,0,172.19,499.5,812.0,T-0006,,NORMAL,4.183,14.656,0.083,1.000
813.0,3.956,14.696,2.607,NAVIGATING,0.400,73.05,0,172.39,500.0,812.5,T-0006,,NORMAL,4.007,14.763,0.084,1.000
814.0,3.623,14.905,2.594,NAVIGATING,0.400,73.03,0,172.79,501.0,813.5,T-0006,,NORMAL,3.666,14.972,0.079,1.000
815.0,3.275,15.117,2.592,NAVIGATING,0.400,73.00,0,173.19,502.0,814.5,T-0006,,NORMAL,3.325,15.183,0.083,1.000
816.0,2.939,15.336,2.573,NAVIGATING,0.400,72.97,0,173.59,503.0,815.5,T-0006,,NORMAL,2.986,15.396,0.076,1.000
817.0,2.605,15.554,2.552,NAVIGATING,0.396,72.91,0,173.99,504.0,816.5,T-0006,,NORMAL,2.652,15.614,0.075,1.000
818.0,2.354,15.726,2.529,NAVIGATING,0.232,72.90,0,174.30,505.0,817.5,T-0006,,NORMAL,2.398,15.789,0.077,1.000
819.0,2.203,15.836,2.489,NAVIGATING,0.142,72.87,0,174.48,506.0,818.5,T-0006,,NORMAL,2.250,15.898,0.078,1.000
820.0,2.119,15.901,2.466,NAVIGATING,0.080,72.85,0,174.59,507.0,819.5,T-0006,,NORMAL,2.166,15.964,0.079,1.000
821.0,2.071,15.944,2.126,NAVIGATING,0.000,72.83,0,174.66,508.5,821.0,T-0006,,NORMAL,2.118,16.003,0.075,1.000
822.0,2.072,15.947,1.917,NAVIGATING,0.000,72.81,0,174.66,509.0,821.5,T-0006,,NORMAL,2.118,16.003,0.072,1.000
823.0,2.066,15.961,1.435,PICKING,0.000,72.79,0,174.66,510.0,822.5,T-0006,,NORMAL,2.118,16.003,0.066,1.000
824.0,2.066,15.972,1.434,PICKING,0.000,72.78,0,174.66,511.0,823.5,T-0006,,NORMAL,2.118,16.003,0.060,1.000
825.0,2.066,15.972,1.434,PICKING,0.000,72.76,0,174.66,512.0,824.5,T-0006,UCO-0006,NORMAL,2.118,16.003,0.060,1.000
826.0,2.066,15.972,1.380,NAVIGATING,0.000,72.75,0,174.66,513.0,825.5,T-0006,UCO-0006,NORMAL,2.118,16.003,0.060,1.000
827.0,2.067,15.992,0.684,NAVIGATING,0.000,72.72,0,174.66,514.0,826.5,T-0006,UCO-0006,NORMAL,2.118,16.003,0.052,1.000
828.0,2.127,16.007,-0.032,NAVIGATING,0.255,72.69,0,174.71,515.0,827.5,T-0006,UCO-0006,NORMAL,2.179,16.004,0.052,1.000
829.0,2.467,15.926,-0.331,NAVIGATING,0.400,72.62,0,175.07,516.0,828.5,T-0006,UCO-0006,NORMAL,2.529,15.922,0.062,1.000
830.0,2.831,15.784,-0.365,NAVIGATING,0.400,72.57,0,175.47,517.0,829.5,T-0006,UCO-0006,NORMAL,2.905,15.785,0.074,1.000
831.0,3.213,15.630,-0.376,NAVIGATING,0.400,72.55,0,175.87,518.0,830.5,T-0006,UCO-0006,NORMAL,3.279,15.645,0.068,1.000
832.0,3.574,15.488,-0.389,NAVIGATING,0.400,72.51,0,176.27,519.0,831.5,T-0006,UCO-0006,NORMAL,3.652,15.500,0.079,1.000
833.0,3.971,15.340,-0.385,NAVIGATING,0.400,72.47,0,176.67,520.0,832.5,T-0006,UCO-0006,NORMAL,4.024,15.352,0.054,1.000
834.0,4.343,15.189,-0.415,NAVIGATING,0.400,72.43,0,177.07,521.0,833.5,T-0006,UCO-0006,NORMAL,4.392,15.195,0.050,1.000
835.0,4.729,15.031,-0.392,NAVIGATING,0.400,72.39,0,177.47,522.0,834.5,T-0006,UCO-0006,NORMAL,4.763,15.041,0.035,1.000
836.0,5.099,14.874,-0.424,NAVIGATING,0.400,72.34,0,177.87,523.0,835.5,T-0006,UCO-0006,NORMAL,5.130,14.881,0.032,1.000
837.0,5.471,14.705,-0.431,NAVIGATING,0.400,72.30,0,178.27,524.0,836.5,T-0006,UCO-0006,NORMAL,5.494,14.716,0.026,1.000
838.0,5.830,14.538,-0.452,NAVIGATING,0.400,72.26,0,178.67,525.0,837.5,T-0006,UCO-0006,NORMAL,5.856,14.545,0.027,1.000
839.0,6.162,14.373,-0.474,NAVIGATING,0.400,72.20,0,179.07,526.0,838.5,T-0006,UCO-0006,NORMAL,6.214,14.367,0.052,1.000
840.0,6.508,14.198,-0.463,NAVIGATING,0.400,72.18,0,179.47,527.0,839.5,T-0006,UCO-0006,NORMAL,6.572,14.187,0.065,1.000
841.0,6.849,14.028,-0.472,NAVIGATING,0.400,72.13,0,179.87,528.0,840.5,T-0006,UCO-0006,NORMAL,6.931,14.009,0.084,1.000
842.0,7.246,13.832,-0.468,NAVIGATING,0.400,72.07,0,180.27,529.0,841.5,T-0006,UCO-0006,NORMAL,7.289,13.830,0.043,1.000
843.0,7.610,13.653,-0.478,NAVIGATING,0.400,72.03,0,180.67,530.0,842.5,T-0006,UCO-0006,NORMAL,7.646,13.650,0.036,1.000
844.0,7.949,13.474,-0.491,NAVIGATING,0.400,72.01,0,181.07,531.0,843.5,T-0006,UCO-0006,NORMAL,8.001,13.465,0.053,1.000
845.0,8.298,13.285,-0.493,NAVIGATING,0.400,71.97,0,181.47,532.0,844.5,T-0006,UCO-0006,NORMAL,8.354,13.277,0.057,1.000
846.0,8.649,13.097,-0.487,NAVIGATING,0.400,71.92,0,181.87,533.0,845.5,T-0006,UCO-0006,NORMAL,8.708,13.089,0.059,1.000
847.0,9.025,12.885,-0.536,NAVIGATING,0.579,71.88,0,182.29,534.0,846.5,T-0006,UCO-0006,NORMAL,9.086,12.879,0.061,1.000
848.0,9.643,12.505,-0.553,NAVIGATING,0.800,71.82,0,182.97,535.0,847.5,T-0006,UCO-0006,NORMAL,9.718,12.495,0.075,1.000
849.0,10.708,11.853,-0.589,NAVIGATING,0.800,71.72,0,184.25,536.5,849.0,T-0006,UCO-0006,NORMAL,10.734,11.857,0.026,1.000
850.0,11.042,11.638,-0.598,NAVIGATING,0.800,71.68,0,184.65,537.0,849.5,T-0006,UCO-0006,NORMAL,11.070,11.634,0.028,1.000
851.0,11.739,11.216,-0.517,NAVIGATING,0.800,71.61,0,185.45,538.0,850.5,T-0006,UCO-0006,NORMAL,11.749,11.208,0.013,1.000
852.0,12.427,10.857,-0.423,NAVIGATING,0.600,71.51,0,186.23,539.0,851.5,T-0006,UCO-0006,NORMAL,12.438,10.867,0.015,1.000
853.0,12.962,10.640,-0.345,NAVIGATING,0.600,71.48,0,186.83,540.0,852.5,T-0006,UCO-0006,NORMAL,13.000,10.650,0.039,1.000
854.0,13.514,10.441,-0.343,NAVIGATING,0.600,71.43,0,187.43,541.0,853.5,T-0006,UCO-0006,NORMAL,13.567,10.450,0.054,1.000
855.0,14.070,10.234,-0.362,NAVIGATING,0.600,71.37,0,188.03,542.0,854.5,T-0006,UCO-0006,NORMAL,14.132,10.245,0.063,1.000
856.0,14.638,10.005,-0.406,NAVIGATING,0.600,71.31,0,188.63,543.0,855.5,T-0006,UCO-0006,NORMAL,14.690,10.025,0.057,1.000
857.0,15.163,9.769,-0.444,NAVIGATING,0.600,71.26,0,189.23,544.0,856.5,T-0006,UCO-0006,NORMAL,15.239,9.782,0.077,1.000
858.0,15.689,9.502,-0.493,NAVIGATING,0.496,71.20,0,189.81,545.0,857.5,T-0006,UCO-0006,NORMAL,15.765,9.525,0.080,1.000
859.0,15.980,9.336,-0.541,NAVIGATING,0.214,71.16,0,190.14,546.0,858.5,T-0006,UCO-0006,NORMAL,16.047,9.367,0.074,1.000
860.0,16.089,9.262,-0.534,NAVIGATING,0.101,71.13,0,190.29,547.0,859.5,T-0006,UCO-0006,NORMAL,16.175,9.291,0.091,1.000
861.0,16.122,9.245,-0.781,NAVIGATING,0.000,71.11,0,190.32,548.0,860.5,T-0006,UCO-0006,NORMAL,16.202,9.276,0.086,1.000
862.0,16.128,9.243,-1.543,NAVIGATING,0.000,71.06,0,190.32,549.0,861.5,T-0006,UCO-0006,NORMAL,16.202,9.276,0.082,1.000
863.0,16.149,9.212,-1.684,DROPPING,0.000,71.06,0,190.32,550.0,862.5,T-0006,UCO-0006,NORMAL,16.202,9.276,0.083,1.000
864.0,16.149,9.212,-1.684,DROPPING,0.000,71.04,0,190.32,551.0,863.5,T-0006,,NORMAL,16.202,9.276,0.083,0.859
865.0,16.149,9.212,-1.684,DROPPING,0.000,71.03,0,190.32,552.0,864.5,T-0006,,NORMAL,16.202,9.276,0.083,0.859
866.0,16.149,9.212,-1.278,NAVIGATING,0.000,71.00,0,190.32,553.0,865.5,MANUAL,,NORMAL,16.202,9.276,0.083,1.000
867.0,16.142,9.212,-0.485,NAVIGATING,0.000,70.98,0,190.32,554.0,866.5,MANUAL,,NORMAL,16.202,9.276,0.088,1.000
868.0,16.173,9.220,-0.122,NAVIGATING,0.205,70.97,0,190.36,554.5,867.0,MANUAL,,NORMAL,16.234,9.270,0.079,1.000
869.0,16.173,9.220,-0.122,NAVIGATING,0.205,70.97,0,190.36,554.5,867.0,MANUAL,,NORMAL,16.234,9.270,0.079,1.000
870.0,16.173,9.220,-0.122,NAVIGATING,0.205,70.97,0,190.36,554.5,867.0,MANUAL,,NORMAL,16.234,9.270,0.079,1.000
871.0,16.173,9.220,-0.122,NAVIGATING,0.205,70.97,0,190.36,554.5,867.0,MANUAL,,ALARM,16.234,9.270,0.079,1.000
872.0,16.173,9.220,-0.122,NAVIGATING,0.205,70.97,0,190.36,554.5,867.0,MANUAL,,ALARM,16.234,9.270,0.079,1.000
873.0,16.173,9.220,-0.122,NAVIGATING,0.205,70.97,0,190.36,554.5,867.0,MANUAL,,ALARM,16.234,9.270,0.079,1.000
874.0,16.173,9.220,-0.122,NAVIGATING,0.205,70.97,0,190.36,554.5,867.0,MANUAL,,ALARM,16.234,9.270,0.079,1.000
875.0,16.173,9.220,-0.122,NAVIGATING,0.205,70.97,0,190.36,554.5,867.0,MANUAL,,ALARM,16.234,9.270,0.079,1.000
876.0,17.948,9.759,0.304,NAVIGATING,0.184,70.74,0,192.22,555.5,875.5,MANUAL,,NORMAL,18.031,9.747,0.085,1.000
877.0,18.420,9.915,0.363,NAVIGATING,0.600,70.71,0,192.69,556.5,876.5,MANUAL,,NORMAL,18.485,9.904,0.065,1.000
878.0,18.943,10.140,0.465,NAVIGATING,0.439,70.66,0,193.25,557.5,877.5,MANUAL,,NORMAL,18.999,10.133,0.057,1.000
